---
- :title: Cantons of the Haute-Loire department
  :url: "/wiki/Cantons_of_the_Haute-Loire_department"
  :nextUrl: "/wiki/Cantons_of_France"
- :title: Cantons of France
  :url: "/wiki/Cantons_of_France"
  :nextUrl: "/wiki/Arrondissements_of_France"
- :title: Arrondissements of France
  :url: "/wiki/Arrondissements_of_France"
  :nextUrl: "/wiki/Administrative_divisions_of_France"
- :title: Administrative divisions of France
  :url: "/wiki/Administrative_divisions_of_France"
  :nextUrl: "/wiki/Hauts-de-France"
- :title: Hauts-de-France
  :url: "/wiki/Hauts-de-France"
  :nextUrl: "/wiki/Regions_of_France"
- :title: Regions of France
  :url: "/wiki/Regions_of_France"
  :nextUrl: "/wiki/France"
- :title: France
  :url: "/wiki/France"
  :nextUrl: "/wiki/French_language"
- :title: French language
  :url: "/wiki/French_language"
  :nextUrl: "/wiki/Romance_languages"
- :title: Romance languages
  :url: "/wiki/Romance_languages"
  :nextUrl: "/wiki/Vulgar_Latin"
- :title: Vulgar Latin
  :url: "/wiki/Vulgar_Latin"
  :nextUrl: "/wiki/Sociolect"
- :title: Sociolect
  :url: "/wiki/Sociolect"
  :nextUrl: "/wiki/Sociolinguistics"
- :title: Sociolinguistics
  :url: "/wiki/Sociolinguistics"
  :nextUrl: "/wiki/Society"
- :title: Society
  :url: "/wiki/Society"
  :nextUrl: "/wiki/Social_group"
- :title: Social group
  :url: "/wiki/Social_group"
  :nextUrl: "/wiki/Social_science"
- :title: Social science
  :url: "/wiki/Social_science"
  :nextUrl: "/wiki/Discipline_(academia)"
- :title: Discipline (academia)
  :url: "/wiki/Discipline_(academia)"
  :nextUrl: "/wiki/Outline_of_academic_disciplines"
- :title: Outline of academic disciplines
  :url: "/wiki/Outline_of_academic_disciplines"
  :nextUrl: "/wiki/Knowledge"
- :title: Knowledge
  :url: "/wiki/Knowledge"
  :nextUrl: "/wiki/Fact"
- :title: Fact
  :url: "/wiki/Fact"
  :nextUrl: "/wiki/Evidence"
- :title: Evidence
  :url: "/wiki/Evidence"
  :nextUrl: "/wiki/Logical_assertion"
- :title: Logical assertion
  :url: "/wiki/Logical_assertion"
  :nextUrl: "/wiki/Logic"
- :title: Logic
  :url: "/wiki/Logic"
  :nextUrl: "/wiki/Ancient_Greek"
- :title: Ancient Greek
  :url: "/wiki/Ancient_Greek"
  :nextUrl: "/wiki/Greek_language"
- :title: Greek language
  :url: "/wiki/Greek_language"
  :nextUrl: "/wiki/Modern_Greek"
- :title: Modern Greek
  :url: "/wiki/Modern_Greek"
  :nextUrl: "/wiki/Colloquialism"
- :title: Colloquialism
  :url: "/wiki/Colloquialism"
  :nextUrl: "/wiki/Vernacular"
- :title: Vernacular
  :url: "/wiki/Vernacular"
  :nextUrl: "/wiki/Language"
- :title: Language
  :url: "/wiki/Language"
  :nextUrl: "/wiki/Communication"
- :title: Communication
  :url: "/wiki/Communication"
  :nextUrl: "/wiki/Meaning_(semiotics)"
- :title: Meaning (semiotics)
  :url: "/wiki/Meaning_(semiotics)"
  :nextUrl: "/wiki/Semiotics"
- :title: Semiotics
  :url: "/wiki/Semiotics"
  :nextUrl: "/wiki/Research"
- :title: Research
  :url: "/wiki/Research"
  :nextUrl: "/wiki/Jehuda_L._Wallach"
- :title: Jehuda L. Wallach
  :url: "/wiki/Jehuda_L._Wallach"
  :nextUrl: "/wiki/Haigerloch"
- :title: Haigerloch
  :url: "/wiki/Haigerloch"
  :nextUrl: "/wiki/Swabian_Jura"
- :title: Swabian Jura
  :url: "/wiki/Swabian_Jura"
  :nextUrl: "/wiki/Baden-W%C3%BCrttemberg"
- :title: Baden-Württemberg
  :url: "/wiki/Baden-W%C3%BCrttemberg"
  :nextUrl: "/wiki/States_of_Germany"
- :title: States of Germany
  :url: "/wiki/States_of_Germany"
  :nextUrl: "/wiki/Germany"
- :title: Germany
  :url: "/wiki/Germany"
  :nextUrl: "/wiki/Geographic_coordinate_system"
- :title: Geographic coordinate system
  :url: "/wiki/Geographic_coordinate_system"
  :nextUrl: "/wiki/Coordinate_system"
- :title: Coordinate system
  :url: "/wiki/Coordinate_system"
  :nextUrl: "/wiki/Geometry"
- :title: Geometry
  :url: "/wiki/Geometry"
  :nextUrl: "/wiki/Ancient_Greek"
- :title: Ancient Greek
  :url: "/wiki/Ancient_Greek"
  :nextUrl: "/wiki/Oberfeldwebel"
- :title: Oberfeldwebel
  :url: "/wiki/Oberfeldwebel"
  :nextUrl: "/wiki/Non-commissioned_officer"
- :title: Non-commissioned officer
  :url: "/wiki/Non-commissioned_officer"
  :nextUrl: "/wiki/Officer_(armed_forces)"
- :title: Officer (armed forces)
  :url: "/wiki/Officer_(armed_forces)"
  :nextUrl: "/wiki/Military"
- :title: Military
  :url: "/wiki/Military"
  :nextUrl: "/wiki/Use_of_force"
- :title: Use of force
  :url: "/wiki/Use_of_force"
  :nextUrl: "/wiki/Law_enforcement"
- :title: Law enforcement
  :url: "/wiki/Law_enforcement"
  :nextUrl: "/wiki/Common_law_copyright"
- :title: Common law copyright
  :url: "/wiki/Common_law_copyright"
  :nextUrl: "/wiki/Common_law"
- :title: Common law
  :url: "/wiki/Common_law"
  :nextUrl: "/wiki/Precedent"
- :title: Precedent
  :url: "/wiki/Precedent"
  :nextUrl: "/wiki/List_of_national_legal_systems"
- :title: List of national legal systems
  :url: "/wiki/List_of_national_legal_systems"
  :nextUrl: "/wiki/System"
- :title: System
  :url: "/wiki/System"
  :nextUrl: "/wiki/Latin"
- :title: Latin
  :url: "/wiki/Latin"
  :nextUrl: "/wiki/Classical_language"
- :title: Classical language
  :url: "/wiki/Classical_language"
  :nextUrl: "/wiki/TouchTone"
- :title: TouchTone
  :url: "/wiki/TouchTone"
  :nextUrl: "/wiki/Puzzle_video_game"
- :title: Puzzle video game
  :url: "/wiki/Puzzle_video_game"
  :nextUrl: "/wiki/Video_game"
- :title: Video game
  :url: "/wiki/Video_game"
  :nextUrl: "/wiki/Electronic_game"
- :title: Electronic game
  :url: "/wiki/Electronic_game"
  :nextUrl: "/wiki/Game"
- :title: Game
  :url: "/wiki/Game"
  :nextUrl: "/wiki/Play_(activity)"
- :title: Play (activity)
  :url: "/wiki/Play_(activity)"
  :nextUrl: "/wiki/Psychology"
- :title: Psychology
  :url: "/wiki/Psychology"
  :nextUrl: "/wiki/Science"
- :title: Science
  :url: "/wiki/Science"
  :nextUrl: "/wiki/Latin"
- :title: Latin
  :url: "/wiki/Latin"
  :nextUrl: "/wiki/Arlene_Martel"
- :title: Arlene Martel
  :url: "/wiki/Arlene_Martel"
  :nextUrl: "/wiki/What_You_Need_(The_Twilight_Zone)"
- :title: What You Need (The Twilight Zone)
  :url: "/wiki/What_You_Need_(The_Twilight_Zone)"
  :nextUrl: "/wiki/Television_in_the_United_States"
- :title: Television in the United States
  :url: "/wiki/Television_in_the_United_States"
  :nextUrl: "/wiki/Television"
- :title: Television
  :url: "/wiki/Television"
  :nextUrl: "/wiki/Monochrome"
- :title: Monochrome
  :url: "/wiki/Monochrome"
  :nextUrl: "/wiki/Lightness"
- :title: Lightness
  :url: "/wiki/Lightness"
  :nextUrl: "/wiki/Colorimetry"
- :title: Colorimetry
  :url: "/wiki/Colorimetry"
  :nextUrl: "/wiki/Technology"
- :title: Technology
  :url: "/wiki/Technology"
  :nextUrl: "/wiki/List_of_Hollyoaks_characters_(2006)"
- :title: List of Hollyoaks characters (2006)
  :url: "/wiki/List_of_Hollyoaks_characters_(2006)"
  :nextUrl: "/wiki/Channel_4"
- :title: Channel 4
  :url: "/wiki/Channel_4"
  :nextUrl: "/wiki/Public_service_broadcasting_in_the_United_Kingdom"
- :title: Public service broadcasting in the United Kingdom
  :url: "/wiki/Public_service_broadcasting_in_the_United_Kingdom"
  :nextUrl: "/wiki/Ofcom"
- :title: Ofcom
  :url: "/wiki/Ofcom"
  :nextUrl: "/wiki/Welsh_language"
- :title: Welsh language
  :url: "/wiki/Welsh_language"
  :nextUrl: "/wiki/Brittonic_languages"
- :title: Brittonic languages
  :url: "/wiki/Brittonic_languages"
  :nextUrl: "/wiki/William_Durie_Lyon"
- :title: William Durie Lyon
  :url: "/wiki/William_Durie_Lyon"
  :nextUrl: "/wiki/Ontario"
- :title: Ontario
  :url: "/wiki/Ontario"
  :nextUrl: "/wiki/Provinces_and_territories_of_Canada"
- :title: Provinces and territories of Canada
  :url: "/wiki/Provinces_and_territories_of_Canada"
  :nextUrl: "/wiki/Administrative_division"
- :title: Administrative division
  :url: "/wiki/Administrative_division"
  :nextUrl: "/wiki/Country"
- :title: Country
  :url: "/wiki/Country"
  :nextUrl: "/wiki/Political_geography"
- :title: Political geography
  :url: "/wiki/Political_geography"
  :nextUrl: "/wiki/Politics"
- :title: Politics
  :url: "/wiki/Politics"
  :nextUrl: "/wiki/Halzan_Buregtei_mine"
- :title: Halzan Buregtei mine
  :url: "/wiki/Halzan_Buregtei_mine"
  :nextUrl: "/wiki/Mongolia"
- :title: Mongolia
  :url: "/wiki/Mongolia"
  :nextUrl: "/wiki/Mongolian_language"
- :title: Mongolian language
  :url: "/wiki/Mongolian_language"
  :nextUrl: "/wiki/Mongolian_script"
- :title: Mongolian script
  :url: "/wiki/Mongolian_script"
  :nextUrl: "/wiki/Mongolian_Cyrillic_alphabet"
- :title: Mongolian Cyrillic alphabet
  :url: "/wiki/Mongolian_Cyrillic_alphabet"
  :nextUrl: "/wiki/Love_and_Happiness"
- :title: Love and Happiness
  :url: "/wiki/Love_and_Happiness"
  :nextUrl: "/wiki/Al_Green"
- :title: Al Green
  :url: "/wiki/Al_Green"
  :nextUrl: "/wiki/Soul_music"
- :title: Soul music
  :url: "/wiki/Soul_music"
  :nextUrl: "/wiki/Music_genre"
- :title: Music genre
  :url: "/wiki/Music_genre"
  :nextUrl: "/wiki/Music"
- :title: Music
  :url: "/wiki/Music"
  :nextUrl: "/wiki/Culture"
- :title: Culture
  :url: "/wiki/Culture"
  :nextUrl: "/wiki/Social_behavior"
- :title: Social behavior
  :url: "/wiki/Social_behavior"
  :nextUrl: "/wiki/Behavior"
- :title: Behavior
  :url: "/wiki/Behavior"
  :nextUrl: "/wiki/American_English"
- :title: American English
  :url: "/wiki/American_English"
  :nextUrl: "/wiki/United_States"
- :title: United States
  :url: "/wiki/United_States"
  :nextUrl: "/wiki/C.F._Estrela_da_Amadora"
- :title: C.F. Estrela da Amadora
  :url: "/wiki/C.F._Estrela_da_Amadora"
  :nextUrl: "/wiki/Portugal"
- :title: Portugal
  :url: "/wiki/Portugal"
  :nextUrl: "/wiki/Portuguese_language"
- :title: Portuguese language
  :url: "/wiki/Portuguese_language"
  :nextUrl: "/wiki/Western_Romance_languages"
- :title: Western Romance languages
  :url: "/wiki/Western_Romance_languages"
  :nextUrl: "/wiki/China_Renaissance"
- :title: China Renaissance
  :url: "/wiki/China_Renaissance"
  :nextUrl: "/wiki/Fan_Bao"
- :title: Fan Bao
  :url: "/wiki/Fan_Bao"
  :nextUrl: "/wiki/Taprobane_Island"
- :title: Taprobane Island
  :url: "/wiki/Taprobane_Island"
  :nextUrl: "/wiki/Private_island"
- :title: Private island
  :url: "/wiki/Private_island"
  :nextUrl: "/wiki/Desert_island"
- :title: Desert island
  :url: "/wiki/Desert_island"
  :nextUrl: "/wiki/Island"
- :title: Island
  :url: "/wiki/Island"
  :nextUrl: "/wiki/Continent"
- :title: Continent
  :url: "/wiki/Continent"
  :nextUrl: "/wiki/Land#Land_mass"
- :title: Land
  :url: "/wiki/Land#Land_mass"
  :nextUrl: "/wiki/Earth"
- :title: Earth
  :url: "/wiki/Earth"
  :nextUrl: "/wiki/Planet"
- :title: Planet
  :url: "/wiki/Planet"
  :nextUrl: "/wiki/Astronomical_object"
- :title: Astronomical object
  :url: "/wiki/Astronomical_object"
  :nextUrl: "/wiki/Physical_body"
- :title: Physical body
  :url: "/wiki/Physical_body"
  :nextUrl: "/wiki/Physics"
- :title: Physics
  :url: "/wiki/Physics"
  :nextUrl: "/wiki/Ancient_Greek"
- :title: Ancient Greek
  :url: "/wiki/Ancient_Greek"
  :nextUrl: "/wiki/Joe_Murdoch"
- :title: Joe Murdoch
  :url: "/wiki/Joe_Murdoch"
  :nextUrl: "/wiki/Australian_rules_football"
- :title: Australian rules football
  :url: "/wiki/Australian_rules_football"
  :nextUrl: "/wiki/Contact_sport"
- :title: Contact sport
  :url: "/wiki/Contact_sport"
  :nextUrl: "/wiki/Sport"
- :title: Sport
  :url: "/wiki/Sport"
  :nextUrl: "/wiki/British_English"
- :title: British English
  :url: "/wiki/British_English"
  :nextUrl: "/wiki/English_language"
- :title: English language
  :url: "/wiki/English_language"
  :nextUrl: "/wiki/West_Germanic_languages"
- :title: West Germanic languages
  :url: "/wiki/West_Germanic_languages"
  :nextUrl: "/wiki/Germanic_languages"
- :title: Germanic languages
  :url: "/wiki/Germanic_languages"
  :nextUrl: "/wiki/Indo-European_languages"
- :title: Indo-European languages
  :url: "/wiki/Indo-European_languages"
  :nextUrl: "/wiki/Language_family"
- :title: Language family
  :url: "/wiki/Language_family"
  :nextUrl: "/wiki/Demise"
- :title: Demise
  :url: "/wiki/Demise"
  :nextUrl: "/wiki/Law_French"
- :title: Law French
  :url: "/wiki/Law_French"
  :nextUrl: "/wiki/Old_Norman"
- :title: Old Norman
  :url: "/wiki/Old_Norman"
  :nextUrl: "/wiki/Langues_d%27o%C3%AFl"
- :title: Langues d'oïl
  :url: "/wiki/Langues_d%27o%C3%AFl"
  :nextUrl: "/wiki/Krunoslav_Renduli%C4%87"
- :title: Krunoslav Rendulić
  :url: "/wiki/Krunoslav_Renduli%C4%87"
  :nextUrl: "/wiki/Croatia"
- :title: Croatia
  :url: "/wiki/Croatia"
  :nextUrl: "/wiki/Achaea_leucopera"
- :title: Achaea leucopera
  :url: "/wiki/Achaea_leucopera"
  :nextUrl: "/wiki/Moth"
- :title: Moth
  :url: "/wiki/Moth"
  :nextUrl: "/wiki/Insect"
- :title: Insect
  :url: "/wiki/Insect"
  :nextUrl: "/wiki/Duncan_Lamont_Clinch"
- :title: Duncan Lamont Clinch
  :url: "/wiki/Duncan_Lamont_Clinch"
  :nextUrl: "/wiki/Seminole_Wars#First_Seminole_War"
- :title: Seminole Wars
  :url: "/wiki/Seminole_Wars#First_Seminole_War"
  :nextUrl: "/wiki/Florida"
- :title: Florida
  :url: "/wiki/Florida"
  :nextUrl: "/wiki/U.S._state"
- :title: U.S. state
  :url: "/wiki/U.S._state"
  :nextUrl: "/wiki/Polity"
- :title: Polity
  :url: "/wiki/Polity"
  :nextUrl: "/wiki/Identity_(social_science)"
- :title: Identity (social science)
  :url: "/wiki/Identity_(social_science)"
  :nextUrl: "/wiki/Wilshire_Branch"
- :title: Wilshire Branch
  :url: "/wiki/Wilshire_Branch"
  :nextUrl: "/wiki/Los_Angeles_Public_Library"
- :title: Los Angeles Public Library
  :url: "/wiki/Los_Angeles_Public_Library"
  :nextUrl: "/wiki/Los_Angeles"
- :title: Los Angeles
  :url: "/wiki/Los_Angeles"
  :nextUrl: "/wiki/Spanish_language"
- :title: Spanish language
  :url: "/wiki/Spanish_language"
  :nextUrl: "/wiki/Baldomero_Toledo"
- :title: Baldomero Toledo
  :url: "/wiki/Baldomero_Toledo"
  :nextUrl: "/wiki/Major_League_Soccer"
- :title: Major League Soccer
  :url: "/wiki/Major_League_Soccer"
  :nextUrl: "/wiki/Association_football"
- :title: Association football
  :url: "/wiki/Association_football"
  :nextUrl: "/wiki/Team_sport"
- :title: Team sport
  :url: "/wiki/Team_sport"
  :nextUrl: "/wiki/Chongli_District"
- :title: Chongli District
  :url: "/wiki/Chongli_District"
  :nextUrl: "/wiki/Simplified_Chinese_characters"
- :title: Simplified Chinese characters
  :url: "/wiki/Simplified_Chinese_characters"
  :nextUrl: "/wiki/Chinese_characters"
- :title: Chinese characters
  :url: "/wiki/Chinese_characters"
  :nextUrl: "/wiki/Logogram"
- :title: Logogram
  :url: "/wiki/Logogram"
  :nextUrl: "/wiki/Written_language"
- :title: Written language
  :url: "/wiki/Written_language"
  :nextUrl: "/wiki/Jo_Sung-hee"
- :title: Jo Sung-hee
  :url: "/wiki/Jo_Sung-hee"
  :nextUrl: "/wiki/Film_director"
- :title: Film director
  :url: "/wiki/Film_director"
  :nextUrl: "/wiki/Film"
- :title: Film
  :url: "/wiki/Film"
  :nextUrl: "/wiki/Projection_screen"
- :title: Projection screen
  :url: "/wiki/Projection_screen"
  :nextUrl: "/wiki/Projector"
- :title: Projector
  :url: "/wiki/Projector"
  :nextUrl: "/wiki/Optics"
- :title: Optics
  :url: "/wiki/Optics"
  :nextUrl: "/wiki/List_of_programs_broadcast_by_The_Pet_Network"
- :title: List of programs broadcast by The Pet Network
  :url: "/wiki/List_of_programs_broadcast_by_The_Pet_Network"
  :nextUrl: "/wiki/Canada"
- :title: Canada
  :url: "/wiki/Canada"
  :nextUrl: "/wiki/Koshiki-no-kata"
- :title: Koshiki-no-kata
  :url: "/wiki/Koshiki-no-kata"
  :nextUrl: "/wiki/Kata"
- :title: Kata
  :url: "/wiki/Kata"
  :nextUrl: "/wiki/Japanese_language"
- :title: Japanese language
  :url: "/wiki/Japanese_language"
  :nextUrl: "/wiki/East_Asian_languages"
- :title: East Asian languages
  :url: "/wiki/East_Asian_languages"
  :nextUrl: "/wiki/East_Asia"
- :title: East Asia
  :url: "/wiki/East_Asia"
  :nextUrl: "/wiki/Subregion"
- :title: Subregion
  :url: "/wiki/Subregion"
  :nextUrl: "/wiki/Region"
- :title: Region
  :url: "/wiki/Region"
  :nextUrl: "/wiki/Geography"
- :title: Geography
  :url: "/wiki/Geography"
  :nextUrl: "/wiki/Sea_Life_Porto"
- :title: Sea Life Porto
  :url: "/wiki/Sea_Life_Porto"
  :nextUrl: "/wiki/Public_aquarium"
- :title: Public aquarium
  :url: "/wiki/Public_aquarium"
  :nextUrl: "/wiki/Zoo"
- :title: Zoo
  :url: "/wiki/Zoo"
  :nextUrl: "/wiki/Animal"
- :title: Animal
  :url: "/wiki/Animal"
  :nextUrl: "/wiki/Multicellular_organism"
- :title: Multicellular organism
  :url: "/wiki/Multicellular_organism"
  :nextUrl: "/wiki/Organism"
- :title: Organism
  :url: "/wiki/Organism"
  :nextUrl: "/wiki/Biology"
- :title: Biology
  :url: "/wiki/Biology"
  :nextUrl: "/wiki/Natural_science"
- :title: Natural science
  :url: "/wiki/Natural_science"
  :nextUrl: "/wiki/Origin_(software)"
- :title: Origin (software)
  :url: "/wiki/Origin_(software)"
  :nextUrl: "/wiki/Plot_(graphics)"
- :title: Plot (graphics)
  :url: "/wiki/Plot_(graphics)"
  :nextUrl: "/wiki/Statistical_graphics"
- :title: Statistical graphics
  :url: "/wiki/Statistical_graphics"
  :nextUrl: "/wiki/Statistics"
- :title: Statistics
  :url: "/wiki/Statistics"
  :nextUrl: "/wiki/Mathematics"
- :title: Mathematics
  :url: "/wiki/Mathematics"
  :nextUrl: "/wiki/Belciades"
- :title: Belciades
  :url: "/wiki/Belciades"
  :nextUrl: "/wiki/Genus"
- :title: Genus
  :url: "/wiki/Genus"
  :nextUrl: "/wiki/Taxonomy_(biology)"
- :title: Taxonomy (biology)
  :url: "/wiki/Taxonomy_(biology)"
  :nextUrl: "/wiki/Ancient_Greek"
- :title: Ancient Greek
  :url: "/wiki/Ancient_Greek"
  :nextUrl: "/wiki/List_of_number-one_singles_of_1974_(Canada)"
- :title: List of number-one singles of 1974 (Canada)
  :url: "/wiki/List_of_number-one_singles_of_1974_(Canada)"
  :nextUrl: "/wiki/RPM_(magazine)"
- :title: RPM (magazine)
  :url: "/wiki/RPM_(magazine)"
  :nextUrl: "/wiki/International_Standard_Serial_Number"
- :title: International Standard Serial Number
  :url: "/wiki/International_Standard_Serial_Number"
  :nextUrl: "/wiki/Serial_code"
- :title: Serial code
  :url: "/wiki/Serial_code"
  :nextUrl: "/wiki/Unique_identifier"
- :title: Unique identifier
  :url: "/wiki/Unique_identifier"
  :nextUrl: "/wiki/Identifier"
- :title: Identifier
  :url: "/wiki/Identifier"
  :nextUrl: "/wiki/Name"
- :title: Name
  :url: "/wiki/Name"
  :nextUrl: "/wiki/Terminology"
- :title: Terminology
  :url: "/wiki/Terminology"
  :nextUrl: "/wiki/Word"
- :title: Word
  :url: "/wiki/Word"
  :nextUrl: "/wiki/Linguistics"
- :title: Linguistics
  :url: "/wiki/Linguistics"
  :nextUrl: "/wiki/Trantor"
- :title: Trantor
  :url: "/wiki/Trantor"
  :nextUrl: "/wiki/Planets_in_science_fiction"
- :title: Planets in science fiction
  :url: "/wiki/Planets_in_science_fiction"
  :nextUrl: "/wiki/Grey-headed_honeyeater"
- :title: Grey-headed honeyeater
  :url: "/wiki/Grey-headed_honeyeater"
  :nextUrl: "/wiki/Bird"
- :title: Bird
  :url: "/wiki/Bird"
  :nextUrl: "/wiki/Endotherm"
- :title: Endotherm
  :url: "/wiki/Endotherm"
  :nextUrl: "/wiki/Ancient_Greek"
- :title: The World Bank in Ukraine
  :url: "/wiki/The_World_Bank_in_Ukraine"
  :nextUrl: "/wiki/Ukraine"
- :title: Ukraine
  :url: "/wiki/Ukraine"
  :nextUrl: "/wiki/Help:Pronunciation_respelling_key"
- :title: Help:Pronunciation respelling key
  :url: "/wiki/Help:Pronunciation_respelling_key"
  :nextUrl: "/wiki/Pronunciation_respelling_for_English"
- :title: Pronunciation respelling for English
  :url: "/wiki/Pronunciation_respelling_for_English"
  :nextUrl: "/wiki/Pronunciation_respelling"
- :title: Pronunciation respelling
  :url: "/wiki/Pronunciation_respelling"
  :nextUrl: "/wiki/Nonce_word"
- :title: Nonce word
  :url: "/wiki/Nonce_word"
  :nextUrl: "/wiki/Lexeme"
- :title: Lexeme
  :url: "/wiki/Lexeme"
  :nextUrl: "/wiki/Lexical_semantics"
- :title: Lexical semantics
  :url: "/wiki/Lexical_semantics"
  :nextUrl: "/wiki/Shivpuri_railway_station"
- :title: Shivpuri railway station
  :url: "/wiki/Shivpuri_railway_station"
  :nextUrl: "/wiki/Shivpuri_district"
- :title: Shivpuri district
  :url: "/wiki/Shivpuri_district"
  :nextUrl: "/wiki/List_of_districts_of_Madhya_Pradesh"
- :title: List of districts of Madhya Pradesh
  :url: "/wiki/List_of_districts_of_Madhya_Pradesh"
  :nextUrl: "/wiki/States_and_union_territories_of_India"
- :title: States and union territories of India
  :url: "/wiki/States_and_union_territories_of_India"
  :nextUrl: "/wiki/India"
- :title: India
  :url: "/wiki/India"
  :nextUrl: "/wiki/South_Asia"
- :title: South Asia
  :url: "/wiki/South_Asia"
  :nextUrl: "/wiki/Indian_subcontinent"
- :title: Indian subcontinent
  :url: "/wiki/Indian_subcontinent"
  :nextUrl: "/wiki/Cathy_Cox_(Canadian_politician)"
- :title: Cathy Cox (Canadian politician)
  :url: "/wiki/Cathy_Cox_(Canadian_politician)"
  :nextUrl: "/wiki/Legislative_Assembly_of_Manitoba"
- :title: Legislative Assembly of Manitoba
  :url: "/wiki/Legislative_Assembly_of_Manitoba"
  :nextUrl: "/wiki/Monarchy_in_Manitoba"
- :title: Monarchy in Manitoba
  :url: "/wiki/Monarchy_in_Manitoba"
  :nextUrl: "/wiki/Canadian_federalism"
- :title: Canadian federalism
  :url: "/wiki/Canadian_federalism"
  :nextUrl: "/wiki/Lycopolis_(Delta)"
- :title: Lycopolis (Delta)
  :url: "/wiki/Lycopolis_(Delta)"
  :nextUrl: "/wiki/Frederick_Winthrop_Ramsdell"
- :title: Frederick Winthrop Ramsdell
  :url: "/wiki/Frederick_Winthrop_Ramsdell"
  :nextUrl: "/wiki/Manistee,_Michigan"
- :title: Manistee, Michigan
  :url: "/wiki/Manistee,_Michigan"
  :nextUrl: "/wiki/Michigan"
- :title: Michigan
  :url: "/wiki/Michigan"
  :nextUrl: "/wiki/Julianne_Boyd"
- :title: Julianne Boyd
  :url: "/wiki/Julianne_Boyd"
  :nextUrl: "/wiki/Theatre_director"
- :title: Theatre director
  :url: "/wiki/Theatre_director"
  :nextUrl: "/wiki/Theatre"
- :title: Theatre
  :url: "/wiki/Theatre"
  :nextUrl: "/wiki/Fine_art"
- :title: Fine art
  :url: "/wiki/Fine_art"
  :nextUrl: "/wiki/Aesthetics"
- :title: Aesthetics
  :url: "/wiki/Aesthetics"
  :nextUrl: "/wiki/Philosophy"
- :title: Philosophy
  :url: "/wiki/Philosophy"
  :nextUrl: "/wiki/Love_Is_Real"
- :title: Love Is Real
  :url: "/wiki/Love_Is_Real"
  :nextUrl: "/wiki/Lo-fi_music"
- :title: Lo-fi music
  :url: "/wiki/Lo-fi_music"
  :nextUrl: "/wiki/Low_fidelity"
- :title: Low fidelity
  :url: "/wiki/Low_fidelity"
  :nextUrl: "/wiki/Adjective"
- :title: Adjective
  :url: "/wiki/Adjective"
  :nextUrl: "/wiki/Pitcairn_Building_(Philadelphia)"
- :title: Pitcairn Building (Philadelphia)
  :url: "/wiki/Pitcairn_Building_(Philadelphia)"
  :nextUrl: "/wiki/Warehouse"
- :title: Warehouse
  :url: "/wiki/Warehouse"
  :nextUrl: "/wiki/Commercial_building"
- :title: Commercial building
  :url: "/wiki/Commercial_building"
  :nextUrl: "/wiki/Building"
- :title: Building
  :url: "/wiki/Building"
  :nextUrl: "/wiki/Structure#Physical_structure"
- :title: Structure
  :url: "/wiki/Structure#Physical_structure"
  :nextUrl: "/wiki/The_Air_Force_School_(Subroto_Park)"
- :title: The Air Force School (Subroto Park)
  :url: "/wiki/The_Air_Force_School_(Subroto_Park)"
  :nextUrl: "/wiki/Indian_Air_Force"
- :title: Indian Air Force
  :url: "/wiki/Indian_Air_Force"
  :nextUrl: "/wiki/International_Alphabet_of_Sanskrit_Transliteration"
- :title: International Alphabet of Sanskrit Transliteration
  :url: "/wiki/International_Alphabet_of_Sanskrit_Transliteration"
  :nextUrl: "/wiki/Transliteration"
- :title: Transliteration
  :url: "/wiki/Transliteration"
  :nextUrl: "/wiki/Conversion_of_scripts"
- :title: Conversion of scripts
  :url: "/wiki/Conversion_of_scripts"
  :nextUrl: "/wiki/Writing_system"
- :title: Writing system
  :url: "/wiki/Writing_system"
  :nextUrl: "/wiki/About_Last_Night_(EP)"
- :title: About Last Night (EP)
  :url: "/wiki/About_Last_Night_(EP)"
  :nextUrl: "/wiki/Extended_play"
- :title: Extended play
  :url: "/wiki/Extended_play"
  :nextUrl: "/wiki/Sound_recording_and_reproduction"
- :title: Sound recording and reproduction
  :url: "/wiki/Sound_recording_and_reproduction"
  :nextUrl: "/wiki/Electricity"
- :title: Electricity
  :url: "/wiki/Electricity"
  :nextUrl: "/wiki/Kootenay%E2%80%94Columbia"
- :title: Kootenay—Columbia
  :url: "/wiki/Kootenay%E2%80%94Columbia"
  :nextUrl: "/wiki/Electoral_district_(Canada)"
- :title: Electoral district (Canada)
  :url: "/wiki/Electoral_district_(Canada)"
  :nextUrl: "/wiki/Electoral_district"
- :title: Electoral district
  :url: "/wiki/Electoral_district"
  :nextUrl: "/wiki/United_States_Census"
- :title: United States Census
  :url: "/wiki/United_States_Census"
  :nextUrl: "/wiki/Anniversary#Latin-derived_numerical_names"
- :title: Anniversary
  :url: "/wiki/Anniversary#Latin-derived_numerical_names"
  :nextUrl: "/wiki/Catholic_Church"
- :title: Catholic Church
  :url: "/wiki/Catholic_Church"
  :nextUrl: "/wiki/List_of_Christian_denominations_by_number_of_members"
- :title: List of Christian denominations by number of members
  :url: "/wiki/List_of_Christian_denominations_by_number_of_members"
  :nextUrl: "/wiki/Christianity"
- :title: Christianity
  :url: "/wiki/Christianity"
  :nextUrl: "/wiki/Abrahamic_religions"
- :title: Abrahamic religions
  :url: "/wiki/Abrahamic_religions"
  :nextUrl: "/wiki/Semitic_people"
- :title: Semitic people
  :url: "/wiki/Semitic_people"
  :nextUrl: "/wiki/Bible"
- :title: Bible
  :url: "/wiki/Bible"
  :nextUrl: "/wiki/Koine_Greek"
- :title: Koine Greek
  :url: "/wiki/Koine_Greek"
  :nextUrl: "/wiki/Koin%C3%A9_language"
- :title: Koiné language
  :url: "/wiki/Koin%C3%A9_language"
  :nextUrl: "/wiki/Loci_Communes"
- :title: Loci Communes
  :url: "/wiki/Loci_Communes"
  :nextUrl: "/wiki/Lutheranism"
- :title: Lutheranism
  :url: "/wiki/Lutheranism"
  :nextUrl: "/wiki/Protestantism"
- :title: Protestantism
  :url: "/wiki/Protestantism"
  :nextUrl: "/wiki/Manganese(II)_phthalocyanine"
- :title: Manganese(II) phthalocyanine
  :url: "/wiki/Manganese(II)_phthalocyanine"
  :nextUrl: "/wiki/Manganese"
- :title: Manganese
  :url: "/wiki/Manganese"
  :nextUrl: "/wiki/Chemical_element"
- :title: Chemical element
  :url: "/wiki/Chemical_element"
  :nextUrl: "/wiki/Atom"
- :title: Atom
  :url: "/wiki/Atom"
  :nextUrl: "/wiki/Matter"
- :title: Matter
  :url: "/wiki/Matter"
  :nextUrl: "/wiki/Classical_physics"
- :title: Classical physics
  :url: "/wiki/Classical_physics"
  :nextUrl: "/wiki/Vic_Edelbrock_Jr."
- :title: Vic Edelbrock Jr.
  :url: "/wiki/Vic_Edelbrock_Jr."
  :nextUrl: "/wiki/Edelbrock"
- :title: Edelbrock
  :url: "/wiki/Edelbrock"
  :nextUrl: "/wiki/Car"
- :title: Car
  :url: "/wiki/Car"
  :nextUrl: "/wiki/Motor_vehicle"
- :title: Motor vehicle
  :url: "/wiki/Motor_vehicle"
  :nextUrl: "/wiki/Vehicle"
- :title: Vehicle
  :url: "/wiki/Vehicle"
  :nextUrl: "/wiki/Latin"
- :title: Latin
  :url: "/wiki/Latin"
  :nextUrl: "/wiki/Albert_Manifold"
- :title: Albert Manifold
  :url: "/wiki/Albert_Manifold"
  :nextUrl: "/wiki/Chief_executive_officer"
- :title: Chief executive officer
  :url: "/wiki/Chief_executive_officer"
  :nextUrl: "/wiki/Executive_officer"
- :title: Executive officer
  :url: "/wiki/Executive_officer"
  :nextUrl: "/wiki/Organization"
- :title: Organization
  :url: "/wiki/Organization"
  :nextUrl: "/wiki/Entity"
- :title: Entity
  :url: "/wiki/Entity"
  :nextUrl: "/wiki/Existence"
- :title: Existence
  :url: "/wiki/Existence"
  :nextUrl: "/wiki/Being"
- :title: Being
  :url: "/wiki/Being"
  :nextUrl: "/wiki/Objectivity_(philosophy)"
- :title: Objectivity (philosophy)
  :url: "/wiki/Objectivity_(philosophy)"
  :nextUrl: "/wiki/Dunster_House"
- :title: Dunster House
  :url: "/wiki/Dunster_House"
  :nextUrl: "/wiki/Harvard_College#House_system"
- :title: Harvard College
  :url: "/wiki/Harvard_College#House_system"
  :nextUrl: "/wiki/Liberal_arts_college"
- :title: Liberal arts college
  :url: "/wiki/Liberal_arts_college"
  :nextUrl: "/wiki/College"
- :title: College
  :url: "/wiki/College"
  :nextUrl: "/wiki/Palearctia_hauensteini"
- :title: Palearctia hauensteini
  :url: "/wiki/Palearctia_hauensteini"
  :nextUrl: "/wiki/Christian_Cambon"
- :title: Christian Cambon
  :url: "/wiki/Christian_Cambon"
  :nextUrl: "/wiki/France"
- :title: South Carolina Highway 441
  :url: "/wiki/South_Carolina_Highway_441"
  :nextUrl: "/wiki/State_highway#United_States"
- :title: State highway
  :url: "/wiki/State_highway#United_States"
  :nextUrl: "/wiki/Route_number"
- :title: Route number
  :url: "/wiki/Route_number"
  :nextUrl: "/wiki/Numbered_street"
- :title: Numbered street
  :url: "/wiki/Numbered_street"
  :nextUrl: "/wiki/Tu_Nedh%C3%A9-Wiilideh"
- :title: Tu Nedhé-Wiilideh
  :url: "/wiki/Tu_Nedh%C3%A9-Wiilideh"
  :nextUrl: "/wiki/David_Cobb_(Massachusetts)"
- :title: David Cobb (Massachusetts)
  :url: "/wiki/David_Cobb_(Massachusetts)"
  :nextUrl: "/wiki/United_States_House_of_Representatives"
- :title: United States House of Representatives
  :url: "/wiki/United_States_House_of_Representatives"
  :nextUrl: "/wiki/Lower_house"
- :title: Lower house
  :url: "/wiki/Lower_house"
  :nextUrl: "/wiki/Debate_chamber"
- :title: Debate chamber
  :url: "/wiki/Debate_chamber"
  :nextUrl: "/wiki/Debate"
- :title: Debate
  :url: "/wiki/Debate"
  :nextUrl: "/wiki/Argument"
- :title: Argument
  :url: "/wiki/Argument"
  :nextUrl: "/wiki/The_Well_(1913_film)"
- :title: The Well (1913 film)
  :url: "/wiki/The_Well_(1913_film)"
  :nextUrl: "/wiki/Drama_(film_and_television)"
- :title: Drama (film and television)
  :url: "/wiki/Drama_(film_and_television)"
  :nextUrl: "/wiki/List_of_the_heaviest_people"
- :title: List of the heaviest people
  :url: "/wiki/List_of_the_heaviest_people"
  :nextUrl: "/wiki/Big_Pun"
- :title: Big Pun
  :url: "/wiki/Big_Pun"
  :nextUrl: "/wiki/Stage_name"
- :title: Stage name
  :url: "/wiki/Stage_name"
  :nextUrl: "/wiki/Pseudonym"
- :title: Pseudonym
  :url: "/wiki/Pseudonym"
  :nextUrl: "/wiki/Brimus"
- :title: Brimus
  :url: "/wiki/Brimus"
  :nextUrl: "/wiki/Compostela_(album)"
- :title: Compostela (album)
  :url: "/wiki/Compostela_(album)"
  :nextUrl: "/wiki/Jenn_Grant"
- :title: Jenn Grant
  :url: "/wiki/Jenn_Grant"
  :nextUrl: "/wiki/Color_Kanavugal"
- :title: Color Kanavugal
  :url: "/wiki/Color_Kanavugal"
  :nextUrl: "/wiki/List_of_Tamil_films_of_1998"
- :title: List of Tamil films of 1998
  :url: "/wiki/List_of_Tamil_films_of_1998"
  :nextUrl: "/wiki/Tamil_cinema"
- :title: Tamil cinema
  :url: "/wiki/Tamil_cinema"
  :nextUrl: "/wiki/Isaac_Komnenos_of_Cyprus"
- :title: Isaac Komnenos of Cyprus
  :url: "/wiki/Isaac_Komnenos_of_Cyprus"
  :nextUrl: "/wiki/Boris_Stark"
- :title: Boris Stark
  :url: "/wiki/Boris_Stark"
  :nextUrl: "/wiki/Kronstadt"
- :title: Kronstadt
  :url: "/wiki/Kronstadt"
  :nextUrl: "/wiki/Russian_language"
- :title: Russian language
  :url: "/wiki/Russian_language"
  :nextUrl: "/wiki/Romanization_of_Russian"
- :title: Romanization of Russian
  :url: "/wiki/Romanization_of_Russian"
  :nextUrl: "/wiki/Lori_Berenson"
- :title: Lori Berenson
  :url: "/wiki/Lori_Berenson"
  :nextUrl: "/wiki/T%C3%BApac_Amaru_Revolutionary_Movement"
- :title: Túpac Amaru Revolutionary Movement
  :url: "/wiki/T%C3%BApac_Amaru_Revolutionary_Movement"
  :nextUrl: "/wiki/Genebald"
- :title: Genebald
  :url: "/wiki/Genebald"
  :nextUrl: "/wiki/Emperor_Kinmei"
- :title: Emperor Kinmei
  :url: "/wiki/Emperor_Kinmei"
  :nextUrl: "/wiki/Emperor_of_Japan"
- :title: Emperor of Japan
  :url: "/wiki/Emperor_of_Japan"
  :nextUrl: "/wiki/Imperial_House_of_Japan"
- :title: Imperial House of Japan
  :url: "/wiki/Imperial_House_of_Japan"
  :nextUrl: "/wiki/Emperor_of_Japan"
- :title: A-List (Conservative)
  :url: "/wiki/A-List_(Conservative)"
  :nextUrl: "/wiki/United_Kingdom"
- :title: United Kingdom
  :url: "/wiki/United_Kingdom"
  :nextUrl: "/wiki/Nate_Smith_(water_skier)"
- :title: Nate Smith (water skier)
  :url: "/wiki/Nate_Smith_(water_skier)"
  :nextUrl: "/wiki/Rignot_Glacier"
- :title: Rignot Glacier
  :url: "/wiki/Rignot_Glacier"
  :nextUrl: "/wiki/Alberto_Segismundo_Cruz"
- :title: Alberto Segismundo Cruz
  :url: "/wiki/Alberto_Segismundo_Cruz"
  :nextUrl: "/wiki/Tondo,_Manila"
- :title: Tondo, Manila
  :url: "/wiki/Tondo,_Manila"
  :nextUrl: "/wiki/Manila"
- :title: Manila
  :url: "/wiki/Manila"
  :nextUrl: "/wiki/Filipino_language"
- :title: Filipino language
  :url: "/wiki/Filipino_language"
  :nextUrl: "/wiki/National_language"
- :title: National language
  :url: "/wiki/National_language"
  :nextUrl: "/wiki/Pilmoor,_Boroughbridge_and_Knaresborough_Railway"
- :title: Pilmoor, Boroughbridge and Knaresborough Railway
  :url: "/wiki/Pilmoor,_Boroughbridge_and_Knaresborough_Railway"
  :nextUrl: "/wiki/Rail_transport"
- :title: Rail transport
  :url: "/wiki/Rail_transport"
  :nextUrl: "/wiki/Transport"
- :title: Transport
  :url: "/wiki/Transport"
  :nextUrl: "/wiki/Cargo"
- :title: Cargo
  :url: "/wiki/Cargo"
  :nextUrl: "/wiki/Economics"
- :title: Economics
  :url: "/wiki/Economics"
  :nextUrl: "/wiki/Andrea_Jirk%C5%AF"
- :title: Andrea Jirků
  :url: "/wiki/Andrea_Jirk%C5%AF"
  :nextUrl: "/wiki/Czech_Republic"
- :title: Czech Republic
  :url: "/wiki/Czech_Republic"
  :nextUrl: "/wiki/Czech_language"
- :title: Czech language
  :url: "/wiki/Czech_language"
  :nextUrl: "/wiki/Latin"
- :title: Auchenipterichthys coracoideus
  :url: "/wiki/Auchenipterichthys_coracoideus"
  :nextUrl: "/wiki/Driftwood_catfish"
- :title: Driftwood catfish
  :url: "/wiki/Driftwood_catfish"
  :nextUrl: "/wiki/Catfish"
- :title: Catfish
  :url: "/wiki/Catfish"
  :nextUrl: "/wiki/Order_(biology)"
- :title: Order (biology)
  :url: "/wiki/Order_(biology)"
  :nextUrl: "/wiki/Taxonomy_(biology)"
- :title: Taxonomy (biology)
  :url: "/wiki/Taxonomy_(biology)"
  :nextUrl: "/wiki/Ancient_Greek"
- :title: Ancient Greek
  :url: "/wiki/Ancient_Greek"
  :nextUrl: "/wiki/Metropolitan_regions_in_Germany"
- :title: Metropolitan regions in Germany
  :url: "/wiki/Metropolitan_regions_in_Germany"
  :nextUrl: "/wiki/Germany"
- :title: Germany
  :url: "/wiki/Germany"
  :nextUrl: "/wiki/Geographic_coordinate_system"
- :title: CMB Televisión
  :url: "/wiki/CMB_Televisi%C3%B3n"
  :nextUrl: "/wiki/Colombia"
- :title: Colombia
  :url: "/wiki/Colombia"
  :nextUrl: "/wiki/Andrew_Law_(artist)"
- :title: Andrew Law (artist)
  :url: "/wiki/Andrew_Law_(artist)"
  :nextUrl: "/wiki/Crosshouse"
- :title: Crosshouse
  :url: "/wiki/Crosshouse"
  :nextUrl: "/wiki/Kilmarnock"
- :title: Kilmarnock
  :url: "/wiki/Kilmarnock"
  :nextUrl: "/wiki/Scottish_Gaelic"
- :title: Scottish Gaelic
  :url: "/wiki/Scottish_Gaelic"
  :nextUrl: "/wiki/Celtic_languages"
- :title: Celtic languages
  :url: "/wiki/Celtic_languages"
  :nextUrl: "/wiki/Names_of_the_Celts#Pronunciation"
- :title: Names of the Celts
  :url: "/wiki/Names_of_the_Celts#Pronunciation"
  :nextUrl: "/wiki/Classical_antiquity"
- :title: Classical antiquity
  :url: "/wiki/Classical_antiquity"
  :nextUrl: "/wiki/History"
- :title: History
  :url: "/wiki/History"
  :nextUrl: "/wiki/George_Santayana"
- :title: George Santayana
  :url: "/wiki/George_Santayana"
  :nextUrl: "/wiki/Intellectual#Man_of_Letters"
- :title: Intellectual
  :url: "/wiki/Intellectual#Man_of_Letters"
  :nextUrl: "/wiki/Critical_thinking"
- :title: Critical thinking
  :url: "/wiki/Critical_thinking"
  :nextUrl: "/wiki/Authority_for_the_Financing_of_the_Infrastructure_of_Puerto_Rico"
- :title: Authority for the Financing of the Infrastructure of Puerto Rico
  :url: "/wiki/Authority_for_the_Financing_of_the_Infrastructure_of_Puerto_Rico"
  :nextUrl: "/wiki/Unlocked_(Meisa_Kuroki_album)"
- :title: Unlocked (Meisa Kuroki album)
  :url: "/wiki/Unlocked_(Meisa_Kuroki_album)"
  :nextUrl: "/wiki/Japan"
- :title: Japan
  :url: "/wiki/Japan"
  :nextUrl: "/wiki/Mahmoud_Afshartous"
- :title: Mahmoud Afshartous
  :url: "/wiki/Mahmoud_Afshartous"
  :nextUrl: "/wiki/Persian_language"
- :title: Persian language
  :url: "/wiki/Persian_language"
  :nextUrl: "/wiki/Exonym_and_endonym"
- :title: Exonym and endonym
  :url: "/wiki/Exonym_and_endonym"
  :nextUrl: "/wiki/Location_(geography)"
- :title: Location (geography)
  :url: "/wiki/Location_(geography)"
  :nextUrl: "/wiki/Alex_Nowrasteh"
- :title: Alex Nowrasteh
  :url: "/wiki/Alex_Nowrasteh"
  :nextUrl: "/wiki/Immigration_policy"
- :title: Immigration policy
  :url: "/wiki/Immigration_policy"
  :nextUrl: "/wiki/Sovereign_state"
- :title: Sovereign state
  :url: "/wiki/Sovereign_state"
  :nextUrl: "/wiki/International_law"
- :title: International law
  :url: "/wiki/International_law"
  :nextUrl: "/wiki/State_(polity)"
- :title: State (polity)
  :url: "/wiki/State_(polity)"
  :nextUrl: "/wiki/Politics"
- :title: Politics
  :url: "/wiki/Politics"
  :nextUrl: "/wiki/Billy_Lyell"
- :title: Billy Lyell
  :url: "/wiki/Billy_Lyell"
  :nextUrl: "/wiki/Niles,_Ohio"
- :title: Niles, Ohio
  :url: "/wiki/Niles,_Ohio"
  :nextUrl: "/wiki/Trumbull_County,_Ohio"
- :title: Trumbull County, Ohio
  :url: "/wiki/Trumbull_County,_Ohio"
  :nextUrl: "/wiki/County_(United_States)"
- :title: County (United States)
  :url: "/wiki/County_(United_States)"
  :nextUrl: "/wiki/Tamil_Nadu_Arasu_Cable_TV_Corporation_Limited"
- :title: Tamil Nadu Arasu Cable TV Corporation Limited
  :url: "/wiki/Tamil_Nadu_Arasu_Cable_TV_Corporation_Limited"
  :nextUrl: "/wiki/Tamil_language"
- :title: Tamil language
  :url: "/wiki/Tamil_language"
  :nextUrl: "/wiki/Dravidian_languages"
- :title: Dravidian languages
  :url: "/wiki/Dravidian_languages"
  :nextUrl: "/wiki/Stan%C4%8Di%C4%87i,_%C4%8Ca%C4%8Dak"
- :title: Stančići, Čačak
  :url: "/wiki/Stan%C4%8Di%C4%87i,_%C4%8Ca%C4%8Dak"
  :nextUrl: "/wiki/Village"
- :title: Village
  :url: "/wiki/Village"
  :nextUrl: "/wiki/Human_settlement"
- :title: Human settlement
  :url: "/wiki/Human_settlement"
  :nextUrl: "/wiki/10247_Amphiaraos"
- :title: 10247 Amphiaraos
  :url: "/wiki/10247_Amphiaraos"
  :nextUrl: "/wiki/Jupiter_trojan"
- :title: Jupiter trojan
  :url: "/wiki/Jupiter_trojan"
  :nextUrl: "/wiki/Asteroid"
- :title: Asteroid
  :url: "/wiki/Asteroid"
  :nextUrl: "/wiki/Minor_planet"
- :title: Minor planet
  :url: "/wiki/Minor_planet"
  :nextUrl: "/wiki/Alvania_pseudoareolata"
- :title: Alvania pseudoareolata
  :url: "/wiki/Alvania_pseudoareolata"
  :nextUrl: "/wiki/Species"
- :title: Species
  :url: "/wiki/Species"
  :nextUrl: "/wiki/Ernest_Martin_(theatre_director_and_manager)"
- :title: Ernest Martin (theatre director and manager)
  :url: "/wiki/Ernest_Martin_(theatre_director_and_manager)"
  :nextUrl: "/wiki/United_States"
- :title: United States
  :url: "/wiki/United_States"
  :nextUrl: "/wiki/Federal_republic"
- :title: Federal republic
  :url: "/wiki/Federal_republic"
  :nextUrl: "/wiki/Federation"
- :title: Federation
  :url: "/wiki/Federation"
  :nextUrl: "/wiki/Polity"
- :title: Polity
  :url: "/wiki/Polity"
  :nextUrl: "/wiki/Three%27s_a_Crowd_(song)"
- :title: Three's a Crowd (song)
  :url: "/wiki/Three%27s_a_Crowd_(song)"
  :nextUrl: "/wiki/South_River_(Rapidan_River_tributary)"
- :title: South River (Rapidan River tributary)
  :url: "/wiki/South_River_(Rapidan_River_tributary)"
  :nextUrl: "/wiki/Specials_(Unicode_block)"
- :title: Specials (Unicode block)
  :url: "/wiki/Specials_(Unicode_block)"
  :nextUrl: "/wiki/Unicode"
- :title: Unicode
  :url: "/wiki/Unicode"
  :nextUrl: "/wiki/Character_encoding"
- :title: Character encoding
  :url: "/wiki/Character_encoding"
  :nextUrl: "/wiki/Character_(computing)"
- :title: Character (computing)
  :url: "/wiki/Character_(computing)"
  :nextUrl: "/wiki/Computer"
- :title: Computer
  :url: "/wiki/Computer"
  :nextUrl: "/wiki/Computer_programming"
- :title: Computer programming
  :url: "/wiki/Computer_programming"
  :nextUrl: "/wiki/Computing"
- :title: Computing
  :url: "/wiki/Computing"
  :nextUrl: "/wiki/Dearfield,_Colorado"
- :title: Dearfield, Colorado
  :url: "/wiki/Dearfield,_Colorado"
  :nextUrl: "/wiki/Ghost_town"
- :title: Ghost town
  :url: "/wiki/Ghost_town"
  :nextUrl: "/wiki/Patricio_Lorente"
- :title: Patricio Lorente
  :url: "/wiki/Patricio_Lorente"
  :nextUrl: "/wiki/La_Plata"
- :title: La Plata
  :url: "/wiki/La_Plata"
  :nextUrl: "/wiki/La_Plata_Partido"
- :title: La Plata Partido
  :url: "/wiki/La_Plata_Partido"
  :nextUrl: "/wiki/Partidos_of_Buenos_Aires"
- :title: Partidos of Buenos Aires
  :url: "/wiki/Partidos_of_Buenos_Aires"
  :nextUrl: "/wiki/Administrative_division"
- :title: Administrative division
  :url: "/wiki/Administrative_division"
  :nextUrl: "/wiki/Dwingeloo_2"
- :title: Dwingeloo 2
  :url: "/wiki/Dwingeloo_2"
  :nextUrl: "/wiki/Irregular_galaxy"
- :title: Irregular galaxy
  :url: "/wiki/Irregular_galaxy"
  :nextUrl: "/wiki/Galaxy"
- :title: Galaxy
  :url: "/wiki/Galaxy"
  :nextUrl: "/wiki/Gravity"
- :title: Gravity
  :url: "/wiki/Gravity"
  :nextUrl: "/wiki/List_of_natural_phenomena"
- :title: List of natural phenomena
  :url: "/wiki/List_of_natural_phenomena"
  :nextUrl: "/wiki/Weather"
- :title: Weather
  :url: "/wiki/Weather"
  :nextUrl: "/wiki/Atmosphere"
- :title: Atmosphere
  :url: "/wiki/Atmosphere"
  :nextUrl: "/wiki/Elisabeth_Croft"
- :title: Elisabeth Croft
  :url: "/wiki/Elisabeth_Croft"
  :nextUrl: "/wiki/ITV_(TV_network)"
- :title: ITV (TV network)
  :url: "/wiki/ITV_(TV_network)"
  :nextUrl: "/wiki/Commercial_broadcasting"
- :title: Commercial broadcasting
  :url: "/wiki/Commercial_broadcasting"
  :nextUrl: "/wiki/Broadcasting"
- :title: Broadcasting
  :url: "/wiki/Broadcasting"
  :nextUrl: "/wiki/Distribution_(marketing)"
- :title: Distribution (marketing)
  :url: "/wiki/Distribution_(marketing)"
  :nextUrl: "/wiki/Marketing_mix"
- :title: Marketing mix
  :url: "/wiki/Marketing_mix"
  :nextUrl: "/wiki/Marketing"
- :title: Marketing
  :url: "/wiki/Marketing"
  :nextUrl: "/wiki/Management"
- :title: Management
  :url: "/wiki/Management"
  :nextUrl: "/wiki/Administration"
- :title: Administration
  :url: "/wiki/Administration"
  :nextUrl: "/wiki/Minhaj_Jaleel"
- :title: Minhaj Jaleel
  :url: "/wiki/Minhaj_Jaleel"
  :nextUrl: "/wiki/Cricket"
- :title: Cricket
  :url: "/wiki/Cricket"
  :nextUrl: "/wiki/Bat-and-ball_games"
- :title: Bat-and-ball games
  :url: "/wiki/Bat-and-ball_games"
  :nextUrl: "/wiki/Golf"
- :title: Golf
  :url: "/wiki/Golf"
  :nextUrl: "/wiki/National_Union_of_Independent_Reformed_Evangelical_Churches_of_France"
- :title: National Union of Independent Reformed Evangelical Churches of France
  :url: "/wiki/National_Union_of_Independent_Reformed_Evangelical_Churches_of_France"
  :nextUrl: "/wiki/Calvinism"
- :title: Calvinism
  :url: "/wiki/Calvinism"
  :nextUrl: "/wiki/AD_47"
- :title: AD 47
  :url: "/wiki/AD_47"
  :nextUrl: "/wiki/Roman_numerals"
- :title: Roman numerals
  :url: "/wiki/Roman_numerals"
  :nextUrl: "/wiki/Numeral_system"
- :title: Numeral system
  :url: "/wiki/Numeral_system"
  :nextUrl: "/wiki/Wrestling_at_the_2006_Asian_Games_%E2%80%93_Men%27s_freestyle_66_kg"
- :title: Wrestling at the 2006 Asian Games – Men's freestyle 66 kg
  :url: "/wiki/Wrestling_at_the_2006_Asian_Games_%E2%80%93_Men%27s_freestyle_66_kg"
  :nextUrl: "/wiki/Freestyle_wrestling"
- :title: Freestyle wrestling
  :url: "/wiki/Freestyle_wrestling"
  :nextUrl: "/wiki/Amateur_wrestling"
- :title: Amateur wrestling
  :url: "/wiki/Amateur_wrestling"
  :nextUrl: "/wiki/Wrestling"
- :title: Wrestling
  :url: "/wiki/Wrestling"
  :nextUrl: "/wiki/Combat_sport"
- :title: Combat sport
  :url: "/wiki/Combat_sport"
  :nextUrl: "/wiki/1956_Bulgarian_Cup_Final"
- :title: 1956 Bulgarian Cup Final
  :url: "/wiki/1956_Bulgarian_Cup_Final"
  :nextUrl: "/wiki/Bulgarian_Cup"
- :title: Bulgarian Cup
  :url: "/wiki/Bulgarian_Cup"
  :nextUrl: "/wiki/Bulgarian_language"
- :title: Bulgarian language
  :url: "/wiki/Bulgarian_language"
  :nextUrl: "/wiki/Allen,_Arizona"
- :title: Allen, Arizona
  :url: "/wiki/Allen,_Arizona"
  :nextUrl: "/wiki/Episcopal_Conference_of_the_Congo"
- :title: Episcopal Conference of the Congo
  :url: "/wiki/Episcopal_Conference_of_the_Congo"
  :nextUrl: "/wiki/Sonora,_Arkansas"
- :title: Sonora, Arkansas
  :url: "/wiki/Sonora,_Arkansas"
  :nextUrl: "/wiki/Unincorporated_area"
- :title: Unincorporated area
  :url: "/wiki/Unincorporated_area"
  :nextUrl: "/wiki/Real_property"
- :title: Real property
  :url: "/wiki/Real_property"
  :nextUrl: "/wiki/England"
- :title: England
  :url: "/wiki/England"
  :nextUrl: "/wiki/1979_World_Taekwondo_Championships"
- :title: 1979 World Taekwondo Championships
  :url: "/wiki/1979_World_Taekwondo_Championships"
  :nextUrl: "/wiki/World_Taekwondo_Championships"
- :title: World Taekwondo Championships
  :url: "/wiki/World_Taekwondo_Championships"
  :nextUrl: "/wiki/World_Taekwondo"
- :title: World Taekwondo
  :url: "/wiki/World_Taekwondo"
  :nextUrl: "/wiki/Taekwondo"
- :title: Taekwondo
  :url: "/wiki/Taekwondo"
  :nextUrl: "/wiki/Lewis_Warsh"
- :title: Lewis Warsh
  :url: "/wiki/Lewis_Warsh"
  :nextUrl: "/wiki/The_Bronx"
- :title: The Bronx
  :url: "/wiki/The_Bronx"
  :nextUrl: "/wiki/Boroughs_of_New_York_City"
- :title: Boroughs of New York City
  :url: "/wiki/Boroughs_of_New_York_City"
  :nextUrl: "/wiki/New_York_City"
- :title: New York City
  :url: "/wiki/New_York_City"
  :nextUrl: "/wiki/List_of_United_States_cities_by_population"
- :title: List of United States cities by population
  :url: "/wiki/List_of_United_States_cities_by_population"
  :nextUrl: "/wiki/Municipal_corporation"
- :title: Municipal corporation
  :url: "/wiki/Municipal_corporation"
  :nextUrl: "/wiki/Local_government"
- :title: Local government
  :url: "/wiki/Local_government"
  :nextUrl: "/wiki/Public_administration"
- :title: Public administration
  :url: "/wiki/Public_administration"
  :nextUrl: "/wiki/Public_policy"
- :title: Public policy
  :url: "/wiki/Public_policy"
  :nextUrl: "/wiki/Executive_(government)"
- :title: Executive (government)
  :url: "/wiki/Executive_(government)"
  :nextUrl: "/wiki/Authority"
- :title: Authority
  :url: "/wiki/Authority"
  :nextUrl: "/wiki/Auctoritas"
- :title: Auctoritas
  :url: "/wiki/Auctoritas"
  :nextUrl: "/wiki/Branch_Back_Brook"
- :title: Branch Back Brook
  :url: "/wiki/Branch_Back_Brook"
  :nextUrl: "/wiki/Tributary"
- :title: Tributary
  :url: "/wiki/Tributary"
  :nextUrl: "/wiki/Stream"
- :title: Stream
  :url: "/wiki/Stream"
  :nextUrl: "/wiki/Body_of_water"
- :title: Body of water
  :url: "/wiki/Body_of_water"
  :nextUrl: "/wiki/Water"
- :title: Water
  :url: "/wiki/Water"
  :nextUrl: "/wiki/Chemical_substance"
- :title: Chemical substance
  :url: "/wiki/Chemical_substance"
  :nextUrl: "/wiki/Cuban_espresso"
- :title: Cuban espresso
  :url: "/wiki/Cuban_espresso"
  :nextUrl: "/wiki/Espresso"
- :title: Espresso
  :url: "/wiki/Espresso"
  :nextUrl: "/wiki/Coffee"
- :title: Coffee
  :url: "/wiki/Coffee"
  :nextUrl: "/wiki/Coffee_preparation"
- :title: Coffee preparation
  :url: "/wiki/Coffee_preparation"
  :nextUrl: "/wiki/Coffee_bean"
- :title: Coffee bean
  :url: "/wiki/Coffee_bean"
  :nextUrl: "/wiki/Coffea"
- :title: Coffea
  :url: "/wiki/Coffea"
  :nextUrl: "/wiki/Ophiusa_hituense"
- :title: Ophiusa hituense
  :url: "/wiki/Ophiusa_hituense"
  :nextUrl: "/wiki/William_Gammie_Ogg"
- :title: William Gammie Ogg
  :url: "/wiki/William_Gammie_Ogg"
  :nextUrl: "/wiki/Fellow_of_the_Royal_Society_of_Edinburgh"
- :title: Fellow of the Royal Society of Edinburgh
  :url: "/wiki/Fellow_of_the_Royal_Society_of_Edinburgh"
  :nextUrl: "/wiki/Royal_Society_of_Edinburgh"
- :title: Royal Society of Edinburgh
  :url: "/wiki/Royal_Society_of_Edinburgh"
  :nextUrl: "/wiki/National_academy"
- :title: National academy
  :url: "/wiki/National_academy"
  :nextUrl: "/wiki/Bayou_Dupre"
- :title: Bayou Dupre
  :url: "/wiki/Bayou_Dupre"
  :nextUrl: "/wiki/Bayou"
- :title: Bayou
  :url: "/wiki/Bayou"
  :nextUrl: "/wiki/Cajun_French"
- :title: Cajun French
  :url: "/wiki/Cajun_French"
  :nextUrl: "/wiki/Pavone_Canavese"
- :title: Pavone Canavese
  :url: "/wiki/Pavone_Canavese"
  :nextUrl: "/wiki/Comune"
- :title: Comune
  :url: "/wiki/Comune"
  :nextUrl: "/wiki/Estonia_women%27s_national_football_team"
- :title: Estonia women's national football team
  :url: "/wiki/Estonia_women%27s_national_football_team"
  :nextUrl: "/wiki/Estonian_language"
- :title: Estonian language
  :url: "/wiki/Estonian_language"
  :nextUrl: "/wiki/Estonia"
- :title: Estonia
  :url: "/wiki/Estonia"
  :nextUrl: "/wiki/Chah_Ali-ye_Sharqi"
- :title: Chah Ali-ye Sharqi
  :url: "/wiki/Chah_Ali-ye_Sharqi"
  :nextUrl: "/wiki/Tribulations_of_Life"
- :title: Tribulations of Life
  :url: "/wiki/Tribulations_of_Life"
  :nextUrl: "/wiki/Mediacorp"
- :title: Mediacorp
  :url: "/wiki/Mediacorp"
  :nextUrl: "/wiki/VR-62"
- :title: VR-62
  :url: "/wiki/VR-62"
  :nextUrl: "/wiki/United_States_Navy_Reserve"
- :title: United States Navy Reserve
  :url: "/wiki/United_States_Navy_Reserve"
  :nextUrl: "/wiki/Reserve_components_of_the_United_States_Armed_Forces"
- :title: Reserve components of the United States Armed Forces
  :url: "/wiki/Reserve_components_of_the_United_States_Armed_Forces"
  :nextUrl: "/wiki/Reservist"
- :title: Reservist
  :url: "/wiki/Reservist"
  :nextUrl: "/wiki/Military_reserve_force"
- :title: Military reserve force
  :url: "/wiki/Military_reserve_force"
  :nextUrl: "/wiki/Under_arms"
- :title: Under arms
  :url: "/wiki/Under_arms"
  :nextUrl: "/wiki/United_States_Marine_Corps"
- :title: United States Marine Corps
  :url: "/wiki/United_States_Marine_Corps"
  :nextUrl: "/wiki/United_States_Armed_Forces"
- :title: United States Armed Forces
  :url: "/wiki/United_States_Armed_Forces"
  :nextUrl: "/wiki/Trade_name"
- :title: Trade name
  :url: "/wiki/Trade_name"
  :nextUrl: "/wiki/List_of_rivers_of_Austria"
- :title: List of rivers of Austria
  :url: "/wiki/List_of_rivers_of_Austria"
  :nextUrl: "/wiki/Olney_(Joppa,_Maryland)"
- :title: Olney (Joppa, Maryland)
  :url: "/wiki/Olney_(Joppa,_Maryland)"
  :nextUrl: "/wiki/Joppa,_Maryland"
- :title: Joppa, Maryland
  :url: "/wiki/Joppa,_Maryland"
  :nextUrl: "/wiki/Town"
- :title: Town
  :url: "/wiki/Town"
  :nextUrl: "/wiki/Simpsonville,_Maryland"
- :title: Simpsonville, Maryland
  :url: "/wiki/Simpsonville,_Maryland"
  :nextUrl: "/wiki/List_of_new_islands"
- :title: List of new islands
  :url: "/wiki/List_of_new_islands"
  :nextUrl: "/wiki/Volcanism"
- :title: Volcanism
  :url: "/wiki/Volcanism"
  :nextUrl: "/wiki/Magma"
- :title: Magma
  :url: "/wiki/Magma"
  :nextUrl: "/wiki/Chinese_Athletics_Championships"
- :title: Chinese Athletics Championships
  :url: "/wiki/Chinese_Athletics_Championships"
  :nextUrl: "/wiki/Track_and_field"
- :title: Track and field
  :url: "/wiki/Track_and_field"
  :nextUrl: "/wiki/Du_Fu_Thatched_Cottage"
- :title: Du Fu Thatched Cottage
  :url: "/wiki/Du_Fu_Thatched_Cottage"
  :nextUrl: "/wiki/Denise_P._Barlow"
- :title: Denise P. Barlow
  :url: "/wiki/Denise_P._Barlow"
  :nextUrl: "/wiki/Geneticist"
- :title: Geneticist
  :url: "/wiki/Geneticist"
  :nextUrl: "/wiki/Biologist"
- :title: Biologist
  :url: "/wiki/Biologist"
  :nextUrl: "/wiki/Scientist"
- :title: Scientist
  :url: "/wiki/Scientist"
  :nextUrl: "/wiki/Mallows_Bay"
- :title: Mallows Bay
  :url: "/wiki/Mallows_Bay"
  :nextUrl: "/wiki/Maryland"
- :title: Maryland
  :url: "/wiki/Maryland"
  :nextUrl: "/wiki/Gregory_Palamas"
- :title: Gregory Palamas
  :url: "/wiki/Gregory_Palamas"
  :nextUrl: "/wiki/Aratus_(crater)"
- :title: Aratus (crater)
  :url: "/wiki/Aratus_(crater)"
  :nextUrl: "/wiki/Lunar_craters"
- :title: Lunar craters
  :url: "/wiki/Lunar_craters"
  :nextUrl: "/wiki/Impact_crater"
- :title: Impact crater
  :url: "/wiki/Impact_crater"
  :nextUrl: "/wiki/Depression_(geology)"
- :title: Depression (geology)
  :url: "/wiki/Depression_(geology)"
  :nextUrl: "/wiki/Geology"
- :title: Geology
  :url: "/wiki/Geology"
  :nextUrl: "/wiki/Selfie_(TV_series)"
- :title: Selfie (TV series)
  :url: "/wiki/Selfie_(TV_series)"
  :nextUrl: "/wiki/Romantic_comedy_film"
- :title: Romantic comedy film
  :url: "/wiki/Romantic_comedy_film"
  :nextUrl: "/wiki/Portmanteau"
- :title: Portmanteau
  :url: "/wiki/Portmanteau"
  :nextUrl: "/wiki/History_of_East_Timor"
- :title: History of East Timor
  :url: "/wiki/History_of_East_Timor"
  :nextUrl: "/wiki/East_Timor"
- :title: East Timor
  :url: "/wiki/East_Timor"
  :nextUrl: "/wiki/Tetum_language"
- :title: Tetum language
  :url: "/wiki/Tetum_language"
  :nextUrl: "/wiki/Austronesian_languages"
- :title: Austronesian languages
  :url: "/wiki/Austronesian_languages"
  :nextUrl: "/wiki/RO_Tambunan"
- :title: RO Tambunan
  :url: "/wiki/RO_Tambunan"
  :nextUrl: "/wiki/Indonesia"
- :title: Indonesia
  :url: "/wiki/Indonesia"
  :nextUrl: "/wiki/Eugene_Von_Bruenchenhein"
- :title: Eugene Von Bruenchenhein
  :url: "/wiki/Eugene_Von_Bruenchenhein"
  :nextUrl: "/wiki/Milwaukee"
- :title: Milwaukee
  :url: "/wiki/Milwaukee"
  :nextUrl: "/wiki/Welcome_(Fort_Minor_song)"
- :title: Welcome (Fort Minor song)
  :url: "/wiki/Welcome_(Fort_Minor_song)"
  :nextUrl: "/wiki/Fort_Minor"
- :title: Fort Minor
  :url: "/wiki/Fort_Minor"
  :nextUrl: "/wiki/Hip_hop_music"
- :title: Hip hop music
  :url: "/wiki/Hip_hop_music"
  :nextUrl: "/wiki/List_of_Historic_Sites_of_Japan_(Aomori)"
- :title: List of Historic Sites of Japan (Aomori)
  :url: "/wiki/List_of_Historic_Sites_of_Japan_(Aomori)"
  :nextUrl: "/wiki/Monuments_of_Japan"
- :title: Monuments of Japan
  :url: "/wiki/Monuments_of_Japan"
  :nextUrl: "/wiki/Government_of_Japan"
- :title: Government of Japan
  :url: "/wiki/Government_of_Japan"
  :nextUrl: "/wiki/Constitutional_monarchy"
- :title: Constitutional monarchy
  :url: "/wiki/Constitutional_monarchy"
  :nextUrl: "/wiki/Monarchy"
- :title: Monarchy
  :url: "/wiki/Monarchy"
  :nextUrl: "/wiki/Government"
- :title: Government
  :url: "/wiki/Government"
  :nextUrl: "/wiki/Paramormyrops_hopkinsi"
- :title: Paramormyrops hopkinsi
  :url: "/wiki/Paramormyrops_hopkinsi"
  :nextUrl: "/wiki/Electric_fish"
- :title: Electric fish
  :url: "/wiki/Electric_fish"
  :nextUrl: "/wiki/Fish"
- :title: Fish
  :url: "/wiki/Fish"
  :nextUrl: "/wiki/Gill"
- :title: Gill
  :url: "/wiki/Gill"
  :nextUrl: "/wiki/Respiratory_system"
- :title: Respiratory system
  :url: "/wiki/Respiratory_system"
  :nextUrl: "/wiki/Biological_system"
- :title: Biological system
  :url: "/wiki/Biological_system"
  :nextUrl: "/wiki/Biological_network"
- :title: Biological network
  :url: "/wiki/Biological_network"
  :nextUrl: "/wiki/Network_science"
- :title: Network science
  :url: "/wiki/Network_science"
  :nextUrl: "/wiki/Complex_network"
- :title: Complex network
  :url: "/wiki/Complex_network"
  :nextUrl: "/wiki/Network_theory"
- :title: Network theory
  :url: "/wiki/Network_theory"
  :nextUrl: "/wiki/Graph_(discrete_mathematics)"
- :title: Graph (discrete mathematics)
  :url: "/wiki/Graph_(discrete_mathematics)"
  :nextUrl: "/wiki/Pheia_nanata"
- :title: Pheia nanata
  :url: "/wiki/Pheia_nanata"
  :nextUrl: "/wiki/RAF_Kilchiaran"
- :title: RAF Kilchiaran
  :url: "/wiki/RAF_Kilchiaran"
  :nextUrl: "/wiki/Royal_Air_Force"
- :title: Royal Air Force
  :url: "/wiki/Royal_Air_Force"
  :nextUrl: "/wiki/Air_force"
- :title: Air force
  :url: "/wiki/Air_force"
  :nextUrl: "/wiki/Military_branch"
- :title: Military branch
  :url: "/wiki/Military_branch"
  :nextUrl: "/wiki/Military"
- :title: Military
  :url: "/wiki/Military"
  :nextUrl: "/wiki/Minuscule_739_(Gregory-Aland)"
- :title: Minuscule 739 (Gregory-Aland)
  :url: "/wiki/Minuscule_739_(Gregory-Aland)"
  :nextUrl: "/wiki/Biblical_manuscript#Gregory-Aland"
- :title: Biblical manuscript
  :url: "/wiki/Biblical_manuscript#Gregory-Aland"
  :nextUrl: "/wiki/2008_Austrian_government_formation"
- :title: 2008 Austrian government formation
  :url: "/wiki/2008_Austrian_government_formation"
  :nextUrl: "/wiki/First_Faymann_government"
- :title: First Faymann government
  :url: "/wiki/First_Faymann_government"
  :nextUrl: "/wiki/Werner_Faymann"
- :title: Werner Faymann
  :url: "/wiki/Werner_Faymann"
  :nextUrl: "/wiki/Austria"
- :title: Austria
  :url: "/wiki/Austria"
  :nextUrl: "/wiki/German_language"
- :title: German language
  :url: "/wiki/German_language"
  :nextUrl: "/wiki/Dexter_Faulk"
- :title: Dexter Faulk
  :url: "/wiki/Dexter_Faulk"
  :nextUrl: "/wiki/Lesser_house_fly"
- :title: Lesser house fly
  :url: "/wiki/Lesser_house_fly"
  :nextUrl: "/wiki/Housefly"
- :title: Housefly
  :url: "/wiki/Housefly"
  :nextUrl: "/wiki/Fly"
- :title: Fly
  :url: "/wiki/Fly"
  :nextUrl: "/wiki/Shellback_Wilderness"
- :title: Shellback Wilderness
  :url: "/wiki/Shellback_Wilderness"
  :nextUrl: "/wiki/Wilderness_area"
- :title: Wilderness area
  :url: "/wiki/Wilderness_area"
  :nextUrl: "/wiki/Wilderness"
- :title: Wilderness
  :url: "/wiki/Wilderness"
  :nextUrl: "/wiki/Natural_environment"
- :title: Natural environment
  :url: "/wiki/Natural_environment"
  :nextUrl: "/wiki/Life"
- :title: Life
  :url: "/wiki/Life"
  :nextUrl: "/wiki/Nagarukhra_Kshetra-Mohan_Girls%27_High_School"
- :title: Nagarukhra Kshetra-Mohan Girls' High School
  :url: "/wiki/Nagarukhra_Kshetra-Mohan_Girls%27_High_School"
  :nextUrl: "/wiki/Bengali_language"
- :title: Bengali language
  :url: "/wiki/Bengali_language"
  :nextUrl: "/wiki/Exonym_and_endonym"
- :title: Exonym and endonym
  :url: "/wiki/Exonym_and_endonym"
  :nextUrl: "/wiki/Location_(geography)"
- :title: Location (geography)
  :url: "/wiki/Location_(geography)"
  :nextUrl: "/wiki/Treaty_of_Surji-Anjangaon"
- :title: Treaty of Surji-Anjangaon
  :url: "/wiki/Treaty_of_Surji-Anjangaon"
  :nextUrl: "/wiki/British_Empire"
- :title: British Empire
  :url: "/wiki/British_Empire"
  :nextUrl: "/wiki/Dominion"
- :title: Dominion
  :url: "/wiki/Dominion"
  :nextUrl: "/wiki/Autonomy"
- :title: Autonomy
  :url: "/wiki/Autonomy"
  :nextUrl: "/wiki/Developmental_psychology"
- :title: Developmental psychology
  :url: "/wiki/Developmental_psychology"
  :nextUrl: "/wiki/Science"
- :title: Science
  :url: "/wiki/Science"
  :nextUrl: "/wiki/Latin"
- :title: Latin
  :url: "/wiki/Latin"
  :nextUrl: "/wiki/Super_Robot_Wars_W"
- :title: Super Robot Wars W
  :url: "/wiki/Super_Robot_Wars_W"
  :nextUrl: "/wiki/Super_Robot_Wars"
- :title: Super Robot Wars
  :url: "/wiki/Super_Robot_Wars"
  :nextUrl: "/wiki/Tactical_role-playing_game"
- :title: Tactical role-playing game
  :url: "/wiki/Tactical_role-playing_game"
  :nextUrl: "/wiki/Eide,_B%C3%B8"
- :title: Eide, Bø
  :url: "/wiki/Eide,_B%C3%B8"
  :nextUrl: "/wiki/B%C3%B8,_Nordland"
- :title: Bø, Nordland
  :url: "/wiki/B%C3%B8,_Nordland"
  :nextUrl: "/wiki/List_of_municipalities_of_Norway"
- :title: List of municipalities of Norway
  :url: "/wiki/List_of_municipalities_of_Norway"
  :nextUrl: "/wiki/Norway"
- :title: Norway
  :url: "/wiki/Norway"
  :nextUrl: "/wiki/Norwegian_language"
- :title: Norwegian language
  :url: "/wiki/Norwegian_language"
  :nextUrl: "/wiki/North_Germanic_languages"
- :title: North Germanic languages
  :url: "/wiki/North_Germanic_languages"
  :nextUrl: "/wiki/Trio_me%27_Bumba"
- :title: Trio me' Bumba
  :url: "/wiki/Trio_me%27_Bumba"
  :nextUrl: "/wiki/S%C3%B6dermalm"
- :title: Södermalm
  :url: "/wiki/S%C3%B6dermalm"
  :nextUrl: "/wiki/Swedish_language"
- :title: Swedish language
  :url: "/wiki/Swedish_language"
  :nextUrl: "/wiki/Leonid_Teliga"
- :title: Leonid Teliga
  :url: "/wiki/Leonid_Teliga"
  :nextUrl: "/wiki/Poland"
- :title: Poland
  :url: "/wiki/Poland"
  :nextUrl: "/wiki/Polish_language"
- :title: Polish language
  :url: "/wiki/Polish_language"
  :nextUrl: "/wiki/West_Slavic_languages"
- :title: West Slavic languages
  :url: "/wiki/West_Slavic_languages"
  :nextUrl: "/wiki/Slavic_languages"
- :title: Slavic languages
  :url: "/wiki/Slavic_languages"
  :nextUrl: "/wiki/Waltham_(band)"
- :title: Waltham (band)
  :url: "/wiki/Waltham_(band)"
  :nextUrl: "/wiki/Rock_music"
- :title: Rock music
  :url: "/wiki/Rock_music"
  :nextUrl: "/wiki/Popular_music"
- :title: Popular music
  :url: "/wiki/Popular_music"
  :nextUrl: "/wiki/Music_industry"
- :title: Music industry
  :url: "/wiki/Music_industry"
  :nextUrl: "/wiki/Musical_composition"
- :title: Musical composition
  :url: "/wiki/Musical_composition"
  :nextUrl: "/wiki/Asisten_Rumah_Tangga"
- :title: Asisten Rumah Tangga
  :url: "/wiki/Asisten_Rumah_Tangga"
  :nextUrl: "/wiki/Same_Ole_Love_(365_Days_a_Year)"
- :title: Same Ole Love (365 Days a Year)
  :url: "/wiki/Same_Ole_Love_(365_Days_a_Year)"
  :nextUrl: "/wiki/Rhythm_and_blues"
- :title: Rhythm and blues
  :url: "/wiki/Rhythm_and_blues"
  :nextUrl: "/wiki/Kernhofer_Gscheid_Pass"
- :title: Kernhofer Gscheid Pass
  :url: "/wiki/Kernhofer_Gscheid_Pass"
  :nextUrl: "/wiki/Mountain_pass"
- :title: Mountain pass
  :url: "/wiki/Mountain_pass"
  :nextUrl: "/wiki/Mountain_range"
- :title: Mountain range
  :url: "/wiki/Mountain_range"
  :nextUrl: "/wiki/Mountain"
- :title: Mountain
  :url: "/wiki/Mountain"
  :nextUrl: "/wiki/Landform"
- :title: Landform
  :url: "/wiki/Landform"
  :nextUrl: "/wiki/Planetary_body"
- :title: Planetary body
  :url: "/wiki/Planetary_body"
  :nextUrl: "/wiki/Orbiting_body"
- :title: Orbiting body
  :url: "/wiki/Orbiting_body"
  :nextUrl: "/wiki/Orbital_mechanics"
- :title: Orbital mechanics
  :url: "/wiki/Orbital_mechanics"
  :nextUrl: "/wiki/Ballistics"
- :title: Ballistics
  :url: "/wiki/Ballistics"
  :nextUrl: "/wiki/Mechanics"
- :title: Mechanics
  :url: "/wiki/Mechanics"
  :nextUrl: "/wiki/Concordat_of_11_June_1817"
- :title: Concordat of 11 June 1817
  :url: "/wiki/Concordat_of_11_June_1817"
  :nextUrl: "/wiki/Concordat"
- :title: Concordat
  :url: "/wiki/Concordat"
  :nextUrl: "/wiki/Holy_See"
- :title: Holy See
  :url: "/wiki/Holy_See"
  :nextUrl: "/wiki/Italian_language"
- :title: Italian language
  :url: "/wiki/Italian_language"
  :nextUrl: "/wiki/Avernus_Colles"
- :title: Avernus Colles
  :url: "/wiki/Avernus_Colles"
  :nextUrl: "/wiki/Mars"
- :title: Mars
  :url: "/wiki/Mars"
  :nextUrl: "/wiki/William_Warner_Bishop"
- :title: William Warner Bishop
  :url: "/wiki/William_Warner_Bishop"
  :nextUrl: "/wiki/Vatican_Secret_Archives"
- :title: Vatican Secret Archives
  :url: "/wiki/Vatican_Secret_Archives"
  :nextUrl: "/wiki/Latin"
- :title: Latin
  :url: "/wiki/Latin"
  :nextUrl: "/wiki/Triptyq"
- :title: Triptyq
  :url: "/wiki/Triptyq"
  :nextUrl: "/wiki/Antoniette_Costa"
- :title: Antoniette Costa
  :url: "/wiki/Antoniette_Costa"
  :nextUrl: "/wiki/Philadelphia"
- :title: Philadelphia
  :url: "/wiki/Philadelphia"
  :nextUrl: "/wiki/Commonwealth_(U.S._state)"
- :title: Commonwealth (U.S. state)
  :url: "/wiki/Commonwealth_(U.S._state)"
  :nextUrl: "/wiki/1972_Portland%E2%80%93Vancouver_tornado"
- :title: 1972 Portland–Vancouver tornado
  :url: "/wiki/1972_Portland%E2%80%93Vancouver_tornado"
  :nextUrl: "/wiki/Tornado"
- :title: Tornado
  :url: "/wiki/Tornado"
  :nextUrl: "/wiki/Atmosphere_of_Earth"
- :title: Atmosphere of Earth
  :url: "/wiki/Atmosphere_of_Earth"
  :nextUrl: "/wiki/Hunua_(New_Zealand_electorate)"
- :title: Hunua (New Zealand electorate)
  :url: "/wiki/Hunua_(New_Zealand_electorate)"
  :nextUrl: "/wiki/New_Zealand_House_of_Representatives"
- :title: New Zealand House of Representatives
  :url: "/wiki/New_Zealand_House_of_Representatives"
  :nextUrl: "/wiki/New_Zealand_Parliament"
- :title: New Zealand Parliament
  :url: "/wiki/New_Zealand_Parliament"
  :nextUrl: "/wiki/M%C4%81ori_language"
- :title: Māori language
  :url: "/wiki/M%C4%81ori_language"
  :nextUrl: "/wiki/Polynesian_languages"
- :title: Polynesian languages
  :url: "/wiki/Polynesian_languages"
  :nextUrl: "/wiki/Crunch_Fitness"
- :title: Crunch Fitness
  :url: "/wiki/Crunch_Fitness"
  :nextUrl: "/wiki/Chain_store"
- :title: Chain store
  :url: "/wiki/Chain_store"
  :nextUrl: "/wiki/Retail"
- :title: Retail
  :url: "/wiki/Retail"
  :nextUrl: "/wiki/Peddler"
- :title: Peddler
  :url: "/wiki/Peddler"
  :nextUrl: "/wiki/Franz_Siegl"
- :title: Franz Siegl
  :url: "/wiki/Franz_Siegl"
  :nextUrl: "/wiki/Innsbruck"
- :title: Innsbruck
  :url: "/wiki/Innsbruck"
  :nextUrl: "/wiki/Tyrol_(state)"
- :title: Tyrol (state)
  :url: "/wiki/Tyrol_(state)"
  :nextUrl: "/wiki/Epidendrum_difforme"
- :title: Epidendrum difforme
  :url: "/wiki/Epidendrum_difforme"
  :nextUrl: "/wiki/Orchidaceae"
- :title: Orchidaceae
  :url: "/wiki/Orchidaceae"
  :nextUrl: "/wiki/Cosmopolitan_distribution"
- :title: Cosmopolitan distribution
  :url: "/wiki/Cosmopolitan_distribution"
  :nextUrl: "/wiki/Biogeography"
- :title: Biogeography
  :url: "/wiki/Biogeography"
  :nextUrl: "/wiki/Defense_Threat_Reduction_Agency"
- :title: Defense Threat Reduction Agency
  :url: "/wiki/Defense_Threat_Reduction_Agency"
  :nextUrl: "/wiki/United_States_Department_of_Defense"
- :title: United States Department of Defense
  :url: "/wiki/United_States_Department_of_Defense"
  :nextUrl: "/wiki/United_States_federal_executive_departments"
- :title: United States federal executive departments
  :url: "/wiki/United_States_federal_executive_departments"
  :nextUrl: "/wiki/Cabinet_(government)"
- :title: Cabinet (government)
  :url: "/wiki/Cabinet_(government)"
  :nextUrl: "/wiki/Mali_Kabli%C4%87i"
- :title: Mali Kablići
  :url: "/wiki/Mali_Kabli%C4%87i"
  :nextUrl: "/wiki/2014_Kehoe_Cup"
- :title: 2014 Kehoe Cup
  :url: "/wiki/2014_Kehoe_Cup"
  :nextUrl: "/wiki/Kehoe_Cup"
- :title: Kehoe Cup
  :url: "/wiki/Kehoe_Cup"
  :nextUrl: "/wiki/Irish_language"
- :title: Irish language
  :url: "/wiki/Irish_language"
  :nextUrl: "/wiki/Goidelic_languages"
- :title: Goidelic languages
  :url: "/wiki/Goidelic_languages"
  :nextUrl: "/wiki/Runwise"
- :title: Runwise
  :url: "/wiki/Runwise"
  :nextUrl: "/wiki/Energy_recovery"
- :title: Energy recovery
  :url: "/wiki/Energy_recovery"
  :nextUrl: "/wiki/Energy"
- :title: Energy
  :url: "/wiki/Energy"
  :nextUrl: "/wiki/Sigismund_Koelle"
- :title: Sigismund Koelle
  :url: "/wiki/Sigismund_Koelle"
  :nextUrl: "/wiki/Cleebronn"
- :title: Cleebronn
  :url: "/wiki/Cleebronn"
  :nextUrl: "/wiki/Municipalities_of_Germany"
- :title: Municipalities of Germany
  :url: "/wiki/Municipalities_of_Germany"
  :nextUrl: "/wiki/Municipality"
- :title: Municipality
  :url: "/wiki/Municipality"
  :nextUrl: "/wiki/Urban_area"
- :title: Urban area
  :url: "/wiki/Urban_area"
  :nextUrl: "/wiki/Hou_De_Jarasa_Ushir"
- :title: Hou De Jarasa Ushir
  :url: "/wiki/Hou_De_Jarasa_Ushir"
  :nextUrl: "/wiki/Category:Lang_and_lang-xx_template_errors"
- :title: Category:Lang and lang-xx template errors
  :url: "/wiki/Category:Lang_and_lang-xx_template_errors"
  :nextUrl: "/wiki/Template:Lang"
- :title: Template:Lang
  :url: "/wiki/Template:Lang"
  :nextUrl: "/wiki/Template:Lang/doc"
- :title: Template:Lang/doc
  :url: "/wiki/Template:Lang/doc"
  :nextUrl: "/wiki/Baltic_Futsal_Cup"
- :title: Baltic Futsal Cup
  :url: "/wiki/Baltic_Futsal_Cup"
  :nextUrl: "/wiki/Futsal"
- :title: Futsal
  :url: "/wiki/Futsal"
  :nextUrl: "/wiki/Association_football"
- :title: Kalkushk
  :url: "/wiki/Kalkushk"
  :nextUrl: "/wiki/John_Browne_(artist)"
- :title: John Browne (artist)
  :url: "/wiki/John_Browne_(artist)"
  :nextUrl: "/wiki/Royal_Academy_of_Arts"
- :title: Royal Academy of Arts
  :url: "/wiki/Royal_Academy_of_Arts"
  :nextUrl: "/wiki/Burlington_House"
- :title: Burlington House
  :url: "/wiki/Burlington_House"
  :nextUrl: "/wiki/Piccadilly"
- :title: Piccadilly
  :url: "/wiki/Piccadilly"
  :nextUrl: "/wiki/City_of_Westminster"
- :title: City of Westminster
  :url: "/wiki/City_of_Westminster"
  :nextUrl: "/wiki/Inner_London"
- :title: Inner London
  :url: "/wiki/Inner_London"
  :nextUrl: "/wiki/London_boroughs"
- :title: London boroughs
  :url: "/wiki/London_boroughs"
  :nextUrl: "/wiki/Districts_of_England"
- :title: Districts of England
  :url: "/wiki/Districts_of_England"
  :nextUrl: "/wiki/Subdivisions_of_England"
- :title: Subdivisions of England
  :url: "/wiki/Subdivisions_of_England"
  :nextUrl: "/wiki/Dancing_Forever_World_Tour"
- :title: Dancing Forever World Tour
  :url: "/wiki/Dancing_Forever_World_Tour"
  :nextUrl: "/wiki/Traditional_Chinese_characters"
- :title: Traditional Chinese characters
  :url: "/wiki/Traditional_Chinese_characters"
  :nextUrl: "/wiki/Plastid"
- :title: Plastid
  :url: "/wiki/Plastid"
  :nextUrl: "/wiki/Organelle"
- :title: Organelle
  :url: "/wiki/Organelle"
  :nextUrl: "/wiki/Cell_biology"
- :title: Cell biology
  :url: "/wiki/Cell_biology"
  :nextUrl: "/wiki/Abdulrahman_Suleiman"
- :title: Abdulrahman Suleiman
  :url: "/wiki/Abdulrahman_Suleiman"
  :nextUrl: "/wiki/Qatar"
- :title: Qatar
  :url: "/wiki/Qatar"
  :nextUrl: "/wiki/Arabic_language"
- :title: Arabic
  :url: "/wiki/Arabic"
  :nextUrl: "/wiki/Mary_Shomon"
- :title: Mary Shomon
  :url: "/wiki/Mary_Shomon"
  :nextUrl: "/wiki/Thyroid"
- :title: Thyroid
  :url: "/wiki/Thyroid"
  :nextUrl: "/wiki/Endocrine_gland"
- :title: Endocrine gland
  :url: "/wiki/Endocrine_gland"
  :nextUrl: "/wiki/Gland"
- :title: Gland
  :url: "/wiki/Gland"
  :nextUrl: "/wiki/Hormone"
- :title: Hormone
  :url: "/wiki/Hormone"
  :nextUrl: "/wiki/Am%C3%A9d%C3%A9e_Joullin"
- :title: Amédée Joullin
  :url: "/wiki/Am%C3%A9d%C3%A9e_Joullin"
  :nextUrl: "/wiki/French_American"
- :title: French Americans
  :url: "/wiki/French_Americans"
  :nextUrl: "/wiki/Health_Authorities_Act_1995"
- :title: Health Authorities Act 1995
  :url: "/wiki/Health_Authorities_Act_1995"
  :nextUrl: "/wiki/Acts_of_Parliament_in_the_United_Kingdom"
- :title: Acts of Parliament in the United Kingdom
  :url: "/wiki/Acts_of_Parliament_in_the_United_Kingdom"
  :nextUrl: "/wiki/Primary_and_secondary_legislation"
- :title: Primary and secondary legislation
  :url: "/wiki/Primary_and_secondary_legislation"
  :nextUrl: "/wiki/Parliamentary_system"
- :title: Parliamentary system
  :url: "/wiki/Parliamentary_system"
  :nextUrl: "/wiki/Democracy"
- :title: Democracy
  :url: "/wiki/Democracy"
  :nextUrl: "/wiki/Tovomita_aequatoriensis"
- :title: Tovomita aequatoriensis
  :url: "/wiki/Tovomita_aequatoriensis"
  :nextUrl: "/wiki/Flowering_plant"
- :title: Flowering plant
  :url: "/wiki/Flowering_plant"
  :nextUrl: "/wiki/Embryophyte"
- :title: Embryophyte
  :url: "/wiki/Embryophyte"
  :nextUrl: "/wiki/Plants"
- :title: Plant
  :url: "/wiki/Plant"
  :nextUrl: "/wiki/Roscoe_Conkling_Ensign_Brown"
- :title: Roscoe Conkling Ensign Brown
  :url: "/wiki/Roscoe_Conkling_Ensign_Brown"
  :nextUrl: "/wiki/Managing_editor"
- :title: Managing editor
  :url: "/wiki/Managing_editor"
  :nextUrl: "/wiki/Publication"
- :title: Publication
  :url: "/wiki/Publication"
  :nextUrl: "/wiki/Content_(media)"
- :title: Content (media)
  :url: "/wiki/Content_(media)"
  :nextUrl: "/wiki/Information"
- :title: Information
  :url: "/wiki/Information"
  :nextUrl: "/wiki/Data"
- :title: Data
  :url: "/wiki/Data"
  :nextUrl: "/wiki/Juno_Awards_of_1983"
- :title: Juno Awards of 1983
  :url: "/wiki/Juno_Awards_of_1983"
  :nextUrl: "/wiki/Juno_Award"
- :title: Juno Award
  :url: "/wiki/Juno_Award"
  :nextUrl: "/wiki/Music_of_Canada"
- :title: Music of Canada
  :url: "/wiki/Music_of_Canada"
  :nextUrl: "/wiki/History_of_Canada"
- :title: History of Canada
  :url: "/wiki/History_of_Canada"
  :nextUrl: "/wiki/Paleo-Indians"
- :title: Paleo-Indians
  :url: "/wiki/Paleo-Indians"
  :nextUrl: "/wiki/Indigenous_peoples_of_the_Americas"
- :title: Indigenous peoples of the Americas
  :url: "/wiki/Indigenous_peoples_of_the_Americas"
  :nextUrl: "/wiki/Pre-Columbian_era"
- :title: Pre-Columbian era
  :url: "/wiki/Pre-Columbian_era"
  :nextUrl: "/wiki/Archaeology_of_the_Americas"
- :title: Archaeology of the Americas
  :url: "/wiki/Archaeology_of_the_Americas"
  :nextUrl: "/wiki/Archaeology"
- :title: Archaeology
  :url: "/wiki/Archaeology"
  :nextUrl: "/wiki/Human"
- :title: Human
  :url: "/wiki/Human"
  :nextUrl: "/wiki/Homo_sapiens"
- :title: Homo sapiens
  :url: "/wiki/Homo_sapiens"
  :nextUrl: "/wiki/Taxonomy_(biology)"
- :title: Spilarctia bisecta
  :url: "/wiki/Spilarctia_bisecta"
  :nextUrl: "/wiki/Moth"
- :title: Arrondissement of Castres
  :url: "/wiki/Arrondissement_of_Castres"
  :nextUrl: "/wiki/Arrondissements_of_France"
- :title: Misha Geller
  :url: "/wiki/Misha_Geller"
  :nextUrl: "/wiki/Peircy_Brett"
- :title: Peircy Brett
  :url: "/wiki/Peircy_Brett"
  :nextUrl: "/wiki/Admiral_(Royal_Navy)"
- :title: Admiral (Royal Navy)
  :url: "/wiki/Admiral_(Royal_Navy)"
  :nextUrl: "/wiki/Royal_Navy"
- :title: Royal Navy
  :url: "/wiki/Royal_Navy"
  :nextUrl: "/wiki/United_Kingdom"
- :title: William Alfred Preston
  :url: "/wiki/William_Alfred_Preston"
  :nextUrl: "/wiki/Podington"
- :title: Podington
  :url: "/wiki/Podington"
  :nextUrl: "/wiki/Civil_parishes_in_England"
- :title: Civil parish
  :url: "/wiki/Civil_parish"
  :nextUrl: "/wiki/Martin-Michel-Charles_Gaudin"
- :title: Martin-Michel-Charles Gaudin
  :url: "/wiki/Martin-Michel-Charles_Gaudin"
  :nextUrl: "/wiki/Gaeta"
- :title: Gaeta
  :url: "/wiki/Gaeta"
  :nextUrl: "/wiki/Latin_language"
- :title: Latin
  :url: "/wiki/Latin"
  :nextUrl: "/wiki/Denver_Dream_(song)"
- :title: Denver Dream (song)
  :url: "/wiki/Denver_Dream_(song)"
  :nextUrl: "/wiki/Donna_Summer"
- :title: Donna Summer
  :url: "/wiki/Donna_Summer"
  :nextUrl: "/wiki/Disco"
- :title: Disco
  :url: "/wiki/Disco"
  :nextUrl: "/wiki/African-American_culture"
- :title: African-American culture
  :url: "/wiki/African-American_culture"
  :nextUrl: "/wiki/African_Americans"
- :title: African Americans
  :url: "/wiki/African_Americans"
  :nextUrl: "/wiki/Ethnic_group"
- :title: Ethnic group
  :url: "/wiki/Ethnic_group"
  :nextUrl: "/wiki/Doe_Avedon"
- :title: Doe Avedon
  :url: "/wiki/Doe_Avedon"
  :nextUrl: "/wiki/Model_(person)"
- :title: Model (person)
  :url: "/wiki/Model_(person)"
  :nextUrl: "/wiki/Role"
- :title: Role
  :url: "/wiki/Role"
  :nextUrl: "/wiki/Trond_Helge_Torsvik"
- :title: Trond Helge Torsvik
  :url: "/wiki/Trond_Helge_Torsvik"
  :nextUrl: "/wiki/Geophysics"
- :title: Geophysics
  :url: "/wiki/Geophysics"
  :nextUrl: "/wiki/Natural_science"
- :title: Eigenmannia goajira
  :url: "/wiki/Eigenmannia_goajira"
  :nextUrl: "/wiki/Shakespeare_Behind_Bars"
- :title: Shakespeare Behind Bars
  :url: "/wiki/Shakespeare_Behind_Bars"
  :nextUrl: "/wiki/La_Grange,_Kentucky"
- :title: La Grange, Kentucky
  :url: "/wiki/La_Grange,_Kentucky"
  :nextUrl: "/wiki/List_of_cities_in_Kentucky"
- :title: List of cities in Kentucky
  :url: "/wiki/List_of_cities_in_Kentucky"
  :nextUrl: "/wiki/Kentucky"
- :title: Kentucky
  :url: "/wiki/Kentucky"
  :nextUrl: "/wiki/Jawdat_Al-Qazwini"
- :title: Jawdat Al-Qazwini
  :url: "/wiki/Jawdat_Al-Qazwini"
  :nextUrl: "/wiki/Iraqis"
- :title: Iraqis
  :url: "/wiki/Iraqis"
  :nextUrl: "/wiki/Arabic_language"
- :title: Arabic
  :url: "/wiki/Arabic"
  :nextUrl: "/wiki/Arabic_language"
- :title: Wyczółki, Sochaczew County
  :url: "/wiki/Wycz%C3%B3%C5%82ki,_Sochaczew_County"
  :nextUrl: "/wiki/La_Palma_giant_lizard"
- :title: La Palma giant lizard
  :url: "/wiki/La_Palma_giant_lizard"
  :nextUrl: "/wiki/Lacertidae"
- :title: Lacertidae
  :url: "/wiki/Lacertidae"
  :nextUrl: "/wiki/Family_(biology)"
- :title: Family (biology)
  :url: "/wiki/Family_(biology)"
  :nextUrl: "/wiki/Taxonomy_(biology)"
- :title: Taxonomy (biology)
  :url: "/wiki/Taxonomy_(biology)"
  :nextUrl: "/wiki/Ancient_Greek_language"
- :title: Ancient Greek
  :url: "/wiki/Ancient_Greek"
  :nextUrl: "/wiki/City_Police_(film)"
- :title: City Police (film)
  :url: "/wiki/City_Police_(film)"
  :nextUrl: "/wiki/List_of_Malayalam_films_of_1993"
- :title: List of Malayalam films of 1993
  :url: "/wiki/List_of_Malayalam_films_of_1993"
  :nextUrl: "/wiki/Malayalam_cinema"
- :title: Malayalam cinema
  :url: "/wiki/Malayalam_cinema"
  :nextUrl: "/wiki/Indian_cinema"
- :title: Cinema of India
  :url: "/wiki/Cinema_of_India"
  :nextUrl: "/wiki/Henry_Loring"
- :title: Henry Loring
  :url: "/wiki/Henry_Loring"
  :nextUrl: "/wiki/Archdeacon_of_Calcutta"
- :title: Archdeacon of Calcutta
  :url: "/wiki/Archdeacon_of_Calcutta"
  :nextUrl: "/wiki/Ecclesiology"
- :title: Ecclesiology
  :url: "/wiki/Ecclesiology"
  :nextUrl: "/wiki/Christian_theology"
- :title: Christian theology
  :url: "/wiki/Christian_theology"
  :nextUrl: "/wiki/Theology"
- :title: Theology
  :url: "/wiki/Theology"
  :nextUrl: "/wiki/Divinity"
- :title: Divinity
  :url: "/wiki/Divinity"
  :nextUrl: "/wiki/Religion"
- :title: Religion
  :url: "/wiki/Religion"
  :nextUrl: "/wiki/Cultural_system"
- :title: Cultural system
  :url: "/wiki/Cultural_system"
  :nextUrl: "/wiki/Veena_Verma"
- :title: Veena Verma
  :url: "/wiki/Veena_Verma"
  :nextUrl: "/wiki/Veena_Verma_(politician)"
- :title: Veena Verma (politician)
  :url: "/wiki/Veena_Verma_(politician)"
  :nextUrl: "/wiki/Member_of_parliament"
- :title: Member of parliament
  :url: "/wiki/Member_of_parliament"
  :nextUrl: "/wiki/Parliament"
- :title: Parliament
  :url: "/wiki/Parliament"
  :nextUrl: "/wiki/Legislature"
- :title: Legislature
  :url: "/wiki/Legislature"
  :nextUrl: "/wiki/Deliberative_assembly"
- :title: Deliberative assembly
  :url: "/wiki/Deliberative_assembly"
  :nextUrl: "/wiki/Collective"
- :title: Collective
  :url: "/wiki/Collective"
  :nextUrl: "/wiki/Wikipedia:Citation_needed"
- :title: Wikipedia:Citation needed
  :url: "/wiki/Wikipedia:Citation_needed"
  :nextUrl: "/wiki/Wikipedia:Verifiability"
- :title: Wikipedia:Verifiability
  :url: "/wiki/Wikipedia:Verifiability"
  :nextUrl: "/wiki/Wikipedia:No_original_research"
- :title: Wikipedia:No original research
  :url: "/wiki/Wikipedia:No_original_research"
  :nextUrl: "/wiki/Wikipedia:Verifiability#Reliable_sources"
- :title: Wikipedia:Verifiability
  :url: "/wiki/Wikipedia:Verifiability#Reliable_sources"
  :nextUrl: "/wiki/London_Buses_route_16"
- :title: London Buses route 16
  :url: "/wiki/London_Buses_route_16"
  :nextUrl: "/wiki/Transport_for_London"
- :title: Transport for London
  :url: "/wiki/Transport_for_London"
  :nextUrl: "/wiki/Transport_network"
- :title: Transport network
  :url: "/wiki/Transport_network"
  :nextUrl: "/wiki/Spatial_network"
- :title: Spatial network
  :url: "/wiki/Spatial_network"
  :nextUrl: "/wiki/Geometric_graph_theory"
- :title: Geometric graph theory
  :url: "/wiki/Geometric_graph_theory"
  :nextUrl: "/wiki/Colin_Eatock"
- :title: Colin Eatock
  :url: "/wiki/Colin_Eatock"
  :nextUrl: "/wiki/Canadians"
- :title: Canadians
  :url: "/wiki/Canadians"
  :nextUrl: "/wiki/2003_Houston_Astros_season"
- :title: 2003 Houston Astros season
  :url: "/wiki/2003_Houston_Astros_season"
  :nextUrl: "/wiki/Houston_Astros"
- :title: Houston Astros
  :url: "/wiki/Houston_Astros"
  :nextUrl: "/wiki/Professional_baseball"
- :title: Professional baseball
  :url: "/wiki/Professional_baseball"
  :nextUrl: "/wiki/List_of_organized_baseball_leagues"
- :title: List of organized baseball leagues
  :url: "/wiki/List_of_organized_baseball_leagues"
  :nextUrl: "/wiki/Baseball"
- :title: Baseball
  :url: "/wiki/Baseball"
  :nextUrl: "/wiki/Arivaca_albicostella"
- :title: Arivaca albicostella
  :url: "/wiki/Arivaca_albicostella"
  :nextUrl: "/wiki/Pyralidae"
- :title: Pyralidae
  :url: "/wiki/Pyralidae"
  :nextUrl: "/wiki/Family_(biology)"
- :title: Syllepte pseudovialis
  :url: "/wiki/Syllepte_pseudovialis"
  :nextUrl: "/wiki/Moth"
- :title: George Dougherty
  :url: "/wiki/George_Dougherty"
  :nextUrl: "/wiki/Ian_Shaw_(Egyptologist)"
- :title: Ian Shaw (Egyptologist)
  :url: "/wiki/Ian_Shaw_(Egyptologist)"
  :nextUrl: "/wiki/Egyptologist"
- :title: Egyptology
  :url: "/wiki/Egyptology"
  :nextUrl: "/wiki/Ko-Ko_Joe"
- :title: Ko-Ko Joe
  :url: "/wiki/Ko-Ko_Joe"
  :nextUrl: "/wiki/Country_music"
- :title: Country music
  :url: "/wiki/Country_music"
  :nextUrl: "/wiki/Southern_United_States"
- :title: Southern United States
  :url: "/wiki/Southern_United_States"
  :nextUrl: "/wiki/Dixie"
- :title: Dixie
  :url: "/wiki/Dixie"
  :nextUrl: "/wiki/Nagzari,_Vikramgad"
- :title: Nagzari, Vikramgad
  :url: "/wiki/Nagzari,_Vikramgad"
  :nextUrl: "/wiki/Palghar_district"
- :title: Palghar district
  :url: "/wiki/Palghar_district"
  :nextUrl: "/wiki/List_of_districts_of_Maharashtra"
- :title: List of districts of Maharashtra
  :url: "/wiki/List_of_districts_of_Maharashtra"
  :nextUrl: "/wiki/States_and_Territories_of_India"
- :title: States and union territories of India
  :url: "/wiki/States_and_union_territories_of_India"
  :nextUrl: "/wiki/Saint-Paul-sur-Save"
- :title: Saint-Paul-sur-Save
  :url: "/wiki/Saint-Paul-sur-Save"
  :nextUrl: "/wiki/Communes_of_France"
- :title: Communes of France
  :url: "/wiki/Communes_of_France"
  :nextUrl: "/wiki/Administrative_divisions"
- :title: Administrative division
  :url: "/wiki/Administrative_division"
  :nextUrl: "/wiki/Country"
